wals_code,Name,latitude,longitude
aab,Arapesh (Abu),-3.45,142.95
aar,Aari,6.0,36.5833333333
aba,Abau,-4.0,141.25
abb,Arabic (Abbéché Chad),13.8333333333,20.8333333333
abd,Abidji,5.66666666667,-4.58333333333
abe,Arabic (Beirut),33.9166666667,35.5
abh,Arabic (Bahrain),26.0,50.5
abi,Abipón,-29.0,-61.0
abk,Abkhaz,43.0833333333,41.0
abm,Alabama,32.3333333333,-87.4166666667
abn,Arabana,-28.25,136.25
abo,Arbore,5.0,36.75
abu,Abun,-0.5,132.5
abv,Abui,-8.25,124.666666667
abw,Abenaki (Western),44.0,-72.25
abz,Abaza,44.0,42.0
ace,Acehnese,5.5,95.5
acg,Achagua,4.41666666667,-72.25
ach,Aché,-25.25,-55.1666666667
aci,Achí,15.1666666667,-90.5
acl,Acholi,3.0,32.6666666667
acm,Achumawi,41.5,-121.0
acn,Achang,25.0,98.5
aco,Acoma,34.9166666667,-107.583333333
acu,Achuar,-2.66667,-76.0
ada,Adamorobe Sign Language,5.83333333333,-0.166666666667
adg,Adang,-8.2,124.0
adi,Adioukrou,5.41666666667,-4.58333333333
adk,Andoke,-0.666666666667,-72.0
adn,Adynyamathanha,-30.5,139.5
adt,Adyghe (Temirgoy),45.2166666667,39.7
ady,Adyghe (Abzakh),45.2333333333,40.5833333333
adz,Adzera,-6.25,146.25
aea,Aleut (Eastern),54.75,-164.0
aeg,Arabic (Egyptian),30.0,31.0
ael,Arabic (Eastern Libyan),32.0,22.0
afr,Afrikaans,-31.0,22.0
aga,Agarabi,-6.16666666667,146.0
agb,Leggbó,6.0,8.0
agc,Agta (Central),17.9666666667,121.833333333
agd,Agta (Dupaningan),18.0,122.083333333
agh,Aghem,6.66666666667,10.0
agl,Aghul,41.75,47.6666666667
agm,Angami,25.6666666667,94.5
ago,Angolar,0.25,6.5
agr,Aguaruna,-5.0,-78.0
agt,Anguthimri,-12.3333333333,141.833333333
agu,Aguacatec,15.4166666667,-91.3333333333
agw,Alagwa,-5.5,35.75
aho,Arapaho,40.0,-103.0
ahs,Arabic (Bani-Hassan),20.0,-10.0
aht,Ahtna,62.0,-145.0
ahu,Aghu,-6.16666666667,140.166666667
aik,Aikaná,-12.6666666667,-60.6666666667
ain,Ainu,43.0,143.0
aiz,Aizi,5.25,-4.5
aja,Aja,7.33333333333,25.6666666667
ajg,Ajagbe,7.0,1.75
aji,Ajië,-21.3333333333,165.5
aka,Aka,2.66666666667,16.25
akb,Aka-Biada,11.6666666667,92.5
akc,Aka-Cari,13.5,93.0
akh,Akha,21.8333333333,99.8333333333
akk,Aka-Kede,12.75,92.75
akl,Aklanon,11.5833333333,122.333333333
akm,Arakanese (Marma),21.5,92.5
akn,Akan,6.5,-1.25
ako,Arabic (Kormakiti),35.25,33.5
akr,Arikara,45.5,-100.5
akw,Akawaio,6.0,-59.5
ala,Alamblak,-4.66666666667,143.333333333
alb,Albanian,41.0,20.0
alc,Allentiac,-31.0,-68.0
ald,Alladian,5.16666666667,-4.33333333333
ale,Aleut,54.0,-166.0
alg,Algonquin,46.0,-77.0
alk,Arop-Lokep,-5.38333333333,147.05
all,Ala'ala,-8.91666666667,146.75
aln,Alune,-3.0,128.333333333
als,Alsea,44.6666666667,-123.916666667
alt,Alsatian,48.5,7.5
alu,Alutor,61.0,165.0
alw,Alawa,-15.1666666667,134.25
alx,Alas,3.66666666667,97.8333333333
aly,Alyawarra,-22.5,135.0
ama,Amara,-5.66666666667,148.5
amb,Ambulas,-3.83333333333,143.0
amc,Amahuaca,-10.5,-72.5
amd,Amdo,35.0,100.0
ame,Amele,-5.25,145.583333333
amh,Amharic,10.0,38.0
ami,Amis,23.3333333333,121.333333333
amk,Amarakaeri,-12.5,-70.5
aml,Ambae (Lolovoli Northeast),-15.4166666667,167.883333333
amm,Ama,-4.21666666667,141.616666667
amn,Amanab,-3.58333333333,141.25
amo,Amo,10.3333333333,8.66666666667
amp,Arrernte (Mparntwe),-24.0,136.0
amq,Ambai,-1.83333333333,136.5
amr,Arabic (Moroccan),34.0,-6.0
ams,Arabic (Modern Standard),25.0,42.0
amt,Amdo (Themchen),38.0,98.0
amu,Amuesha,-10.5,-75.4166666667
amx,Anamuxra,-4.66666666667,145.0
amz,Amuzgo,16.8333333333,-98.0
ana,Araona,-12.3333333333,-67.75
anc,Angas,9.5,9.5
ane,Anêm,-5.58333333333,149.083333333
ang,Anggor,-3.75,141.166666667
ani,//Ani,-18.9166666667,21.9166666667
anj,Anejom,-20.2,169.8
anl,Arabic (North Levantine Spoken),33.75,36.0
ann,Anindilyakwa,-14.0,136.5
ano,Anong,27.3333333333,98.75
ant,Angaatiha,-7.21666666667,146.25
anu,Anufo,10.0833333333,0.25
anx,Andi,42.75,46.25
any,Anywa,8.0,33.5
ao,Ao,26.5833333333,94.6666666667
aoj,Mufian,-3.5,143.0
apa,Arabic (Palestinian),32.0,35.25
apc,Apache (Chiricahua),33.25,-108.0
ape,Ampeeli,-6.75,146.083333333
api,Apinayé,-5.5,-48.0
apj,Apache (Jicarilla),36.5833333333,-104.0
apk,A-Pucikwar,12.1666666667,92.8333333333
apl,Apalaí,0.0,-54.0
apt,Apatani,27.5,93.75
apu,Apurinã,-9.0,-67.0
apw,Apache (Western),33.75,-110.0
ara,Arawak,5.5,-55.1666666667
arb,Arabela,-2.0,-75.1666666667
arc,Archi,42.0,46.8333333333
ard,Arandai,-2.08333333333,133.0
arg,Arabic (Gulf),26.0,49.0
arh,Arabic (Hijazi),26.0,38.0
ari,Aribwatsa,-6.71666666667,147.0
arj,Arabic (Kuwaiti),29.5,47.5
ark,Araki,-15.6666666667,166.916666667
arl,Arabic (Lebanese),34.0,36.0
arm,Armenian (Eastern),40.0,45.0
arn,Arabic (Borno Nigerian),8.58333333333,12.4166666667
aro,Arosi,-10.25,161.333333333
arp,Arapesh (Mountain),-3.46666666667,143.166666667
arq,Arabic (Iraqi),33.0,44.0
arr,Arrernte,-24.0,134.0
ars,Arabic (San'ani),16.0,44.0
arv,Arabic (Negev),30.5,34.75
arw,Armenian (Western),38.5,43.5
arx,'Are'are,-9.25,161.166666667
arz,Armenian (Iranian),32.6666666667,51.6666666667
ash,Adyghe (Shapsugh),45.0,38.75
asl,American Sign Language,39.0,-78.0
asm,Asmat,-5.5,138.5
aso,Altai (Southern),51.0,87.0
ass,Assamese,26.0,93.0
ast,Asturian,43.25,-6.0
asu,Asuriní,-3.5,-49.5
asy,Arabic (Syrian),34.0,38.0
ata,Atayal,24.5,121.333333333
atb,Aralle-Tabulahan,-2.75,119.25
atc,Atchin,-16.0,167.333333333
ath,Athpare,27.0,87.3333333333
ati,Atikamekw,48.0,-74.0
atk,Atakapa,30.0,-93.5
atm,Atacameño,-23.0,-69.0
atq,Alutiiq,57.0,-157.0
ats,Atsugewi,40.75,-121.0
atu,Arabic (Tunisian),36.75,10.25
au,Au,-3.58333333333,142.083333333
aul,Aulua,-16.3333333333,167.666666667
aus,Auslan,-30.0,145.0
auy,Auyana,-6.5,145.75
ava,Avar,42.5,46.5
avk,Avikam,5.16666666667,-5.5
avo,Avokaya,4.66666666667,30.0
avt,Avatime,6.83333333333,0.416666666667
awa,Awa,-6.66666666667,145.75
awd,Awadhi,27.5,81.5
awe,Arrernte (Western),-24.0,132.5
awi,Aekyom,-5.75,141.416666667
awk,Akwa,10.0833333333,6.33333333333
awn,Awngi,10.8333333333,36.6666666667
awp,Awa Pit,1.5,-78.25
awt,Awtuw,-3.58333333333,142.0
awy,Awyi,-2.91666666667,140.583333333
axv,Akhvakh,42.3333333333,46.3333333333
ayi,Anyi,7.0,-3.5
aym,Aymara,-17.0,-69.0
ayn,Aynu,39.5,76.0
ayo,Ayomán,11.0,-69.0
ayr,Ayoreo,-20.25,-59.25
ayw,Ayiwo,-10.3333333333,166.25
aze,Azerbaijani,40.5,48.5
azi,Azari (Iranian),37.5,47.0
baa,Barai,-9.33333333333,148.083333333
bab,Babungo,6.11666666667,10.4166666667
bac,Bachamal,-13.1666666667,130.166666667
bad,Bade,12.8333333333,10.5
bae,Baré,1.0,-67.0
baf,Bafut,6.25,9.91666666667
bag,Bagirmi,11.6666666667,16.0
bah,Bahuana,-0.5,-62.5
bai,Bai,26.0,100.0
baj,Bajau (Sama),-4.33333333333,123.0
bak,Baka (in Cameroon),2.58333333333,13.5833333333
bal,Balinese,-8.33333333333,115.25
bam,Bambara,12.5,-7.5
ban,Bana,10.4166666667,13.5833333333
bao,Bao'an,35.75,102.833333333
baq,Baure,-13.0833333333,-64.1666666667
bar,Bari,5.0,31.6666666667
bas,Basaá,3.91666666667,10.5
bat,Batak,10.25,119.083333333
bau,Bau,-5.25,145.616666667
baw,Bawm,22.5,92.25
bbf,Bobo Madaré (Northern),12.4166666667,-4.33333333333
bbl,Babole,1.08333333333,17.25
bbm,Bambam,-3.08333333333,119.083333333
bbu,Barambu,3.5,27.0
bbw,Bininj Gun-Wok,-12.5,133.75
bca,Bandjalang (Casino),-28.9166666667,153.0
bch,Berber (Chaouia),35.0,7.0
bco,Bella Coola,52.5,-126.666666667
bdc,Berbice Dutch Creole,5.33333333333,-58.0
bdg,Badaga,11.6666666667,76.75
bdk,Budukh,41.1666666667,48.4166666667
bdm,Badimaya,-27.6666666667,118.0
bdu,Budu,2.0,28.0
bdw,Baham,-3.16666666667,132.666666667
beb,Benabena,-6.16666666667,145.5
bec,Bengali (Chittagong),22.3333333333,91.8333333333
bee,Beembe,-3.91666666667,14.0833333333
beg,Begak-Ida'an,5.25,118.833333333
bej,Beja,18.0,36.0
bel,Belhare,26.9666666667,87.3
bem,Bemba,-10.0,28.25
ben,Bengali,24.0,90.0
beo,Beothuk,48.0,-57.0
ber,Berta,10.3333333333,34.6666666667
bet,Bété,6.25,-6.25
bez,Bezhta,42.0833333333,46.1666666667
bfd,Biafada,11.4166666667,-15.1666666667
bfg,Berber (Figuig),32.5,-1.5
bfi,Bafia,5.0,11.1666666667
bga,Benga,1.16666666667,9.41666666667
bgg,Banggai,-1.41666666667,123.166666667
bgi,Bagri,29.5833333333,74.3333333333
bgl,Buglere,8.5,-81.25
bgm,Bangime,14.9166666667,-3.83333333333
bgn,Bugun,27.5,92.5833333333
bgo,Bongo,7.5,28.5
bgr,Bagiro,4.33333333333,20.5833333333
bgs,Baga Sitemu,10.5,-14.5
bgv,Bagvalal,42.5833333333,46.1666666667
bgz,Banggi,7.25,117.166666667
bhi,Bhili,22.0,73.0
bhn,Bahinemo,-4.58333333333,142.833333333
bho,Bhojpuri,26.0,84.0
bhu,Bhumij,21.3333333333,86.5
bia,Bira,1.0,28.75
bid,Bidiya,11.9166666667,18.75
big,Binga,8.0,25.0
bii,Biri,-20.5,146.5
bik,Biak,-1.0,136.0
bil,Bilua,-7.75,156.666666667
bim,Bima,-8.5,118.5
bin,Binandere,-8.25,148.0
bio,Nai,-3.71666666667,141.266666667
biq,Bilaan,6.0,125.333333333
bir,Birom,9.66666666667,8.83333333333
bis,Bisa,11.5,-0.5
bit,Biatah,1.25,110.0
biu,Bisu,19.75,100.0
bjs,Bajau (Semporna),4.5,118.5
bka,Baka (in Sudan),4.83333333333,29.25
bkb,Betta Kurumba,11.5,76.75
bkd,Binukid,8.25,124.833333333
bki,Bakairí,-14.0,-55.0
bkl,Bikol,13.3333333333,123.5
bkn,Bakundu,4.83333333333,9.33333333333
bkr,Batak (Karo),3.25,98.25
bkt,Brokskat,35.3333333333,76.5
bku,Bakueri,4.25,9.25
bla,Blackfoot,50.0,-112.666666667
blc,Baluchi,28.0,62.0
ble,Baule,7.0,-5.0
blg,Balangao,17.1666666667,121.166666667
blj,Baale,6.5,34.5
blk,Balantak,-0.833333333333,123.25
bln,Bilin,15.75,38.5
blq,Bole,11.3333333333,11.25
blr,Belorussian,54.0,28.0
blt,Balti,35.0,76.0
blu,Bena-Lulua,-6.0,21.0
blx,Biloxi,30.5,-88.6666666667
bly,Balyku,-22.0,120.0
blz,Balanta,12.25,-15.3333333333
bma,Berber (Middle Atlas),33.0,-5.0
bmb,Bimoba,10.5,0.0
bmn,Bamun,5.5,10.9166666667
bmr,Burum,-6.5,147.333333333
bmz,Berber (Mzab),32.5,3.5
bna,Banawá,-7.0,-65.0
bnb,Bunuba,-17.75,125.75
bnd,Bandi,8.08333333333,-10.25
bng,Baining,-4.58333333333,152.0
bni,Bini,6.41666666667,5.83333333333
bnj,Bandjalang,-28.75,153.0
bnk,Bankon,4.41666666667,9.58333333333
bnl,Banggarla,-32.0,137.0
bnm,Binumarien,-6.28333333333,146.083333333
bnn,Banoni,-6.41666666667,155.25
bno,Barasano (Northern),0.333333333333,-70.25
bnq,Beng,7.83333333333,-4.25
bnr,Bilinara,-16.0,131.666666667
bnt,Bantik,1.41666666667,124.75
bnu,Bularnu,-21.0,138.0
bnw,Baniwa,2.66666666667,-66.8333333333
boa,Boazi,-7.0,141.333333333
bob,Bobangi,-1.33333333333,17.3333333333
bod,Bodo,26.8333333333,92.0
boi,Boiken,-3.5,143.5
boj,Bori,28.3333333333,94.75
bok,Boko,10.5,3.5
bol,Bolia,-1.25,18.3333333333
bon,Bongu,-5.5,145.916666667
boq,Bokar,28.5,94.6666666667
bor,Bora,-2.16666666667,-72.3333333333
bos,Bosnian,43.0,18.0
bou,Berber (Wargla),31.9166666667,5.33333333333
boz,Bozo (Tigemaxo),15.0,-4.0
bpa,Bura-Pabir,10.5,12.25
bpb,Bahnar (Plei Bong-Mang Yang),13.8333333333,108.333333333
bqb,Basque (Bidasoa Valley),43.0,-3.83333333333
bqg,Basque (Gernica),43.3333333333,-3.0
bqh,Basque (Hondarribia),42.5,-3.0
bqi,Basque (Basaburua and Imoz),43.0,-1.66666666667
bql,Basque (Lekeitio),43.0,-2.5
bqn,Basque (Northern High Navarrese),43.3333333333,-2.5
bqo,Basque (Oñati),42.5,-3.5
bqr,Basque (Roncalese),43.0,-2.0
bqs,Basque (Sakana),42.5,-2.0
bqz,Basque (Zeberio),42.0,-3.0
bra,Brao,14.1666666667,107.5
brb,Bariba,10.0,2.5
brc,Boruca,8.83333333333,-83.25
brd,Bardi,-16.5833333333,122.916666667
bre,Breton,48.0,-3.0
brf,Berber (Rif),34.5,-4.0
brh,Brahui,28.5,67.0
bri,Bribri,9.41666666667,-83.0
brj,Burji,5.5,37.8333333333
brk,Berik,-2.25,138.833333333
brl,Baragaunle,28.8333333333,83.8333333333
brm,Burmese,21.0,96.0
brn,Burunge,-5.33333333333,36.0
bro,Broken,-10.1666666667,143.0
brp,Barupu,-3.08333333333,142.083333333
brr,Bororo,-16.0,-57.0
brs,Barasano,-0.166666666667,-70.6666666667
bru,Bru (Eastern),17.3333333333,106.0
brw,Bru (Western),16.75,104.75
bry,Baruya,-6.91666666667,145.916666667
brz,Birri,5.5,25.1666666667
bse,Berber (Ayt Seghrouchen Middle Atlas),33.3333333333,-4.66666666667
bsh,Bushoong,-4.5,21.5
bsi,Berber (Siwa),29.1666666667,25.5
bsk,Bashkir,53.0,58.0
bsl,British Sign Language,52.0,-1.0
bsm,Bislama,-16.0,168.0
bso,Basque (Souletin),43.5,-1.5
bsq,Basque,43.0,-3.0
bsr,Basari,12.6666666667,-13.0
bth,Bathari,18.0,56.0
bti,Betoi,7.16666666667,-71.25
btk,Bontok,17.0833333333,120.916666667
bto,Batak (Toba),2.5,99.0
bua,Burarra,-12.25,134.583333333
bub,Bubi,3.5,8.66666666667
bud,Buduma,13.5,14.5
bug,Bugis,-4.0,120.0
bui,Buli (in Indonesia),1.0,128.5
buj,Bujeba,3.0,10.1666666667
buk,Bukusu,0.75,34.6666666667
bul,Bulgarian,42.5,25.0
bum,Buma,-11.6333333333,166.833333333
bun,Buin,-6.75,155.75
bur,Burushaski,36.5,74.5
bus,Busa,9.66666666667,4.0
but,Buriat,52.0,108.0
buu,Buru,-3.5,126.5
buw,Bulu,3.0,11.0
buy,Buli (in Ghana),10.5,-1.25
bvi,Bali-Vitu,-4.9,149.116666667
bwa,Bandjalang (Waalubal),-29.0833333333,152.583333333
bwc,Bajau (West Coast),6.33333333333,116.333333333
bxj,Bayungu,-23.0,114.0
bya,Byansi,30.1666666667,80.5
bys,Bayso,6.25,37.75
byu,Bandjalang (Yugumbir),-27.9166666667,153.0
bzi,Bauzi,-2.5,137.5
cab,Cabécar,9.75,-83.4166666667
cac,Cacua,1.08333333333,-70.0
cad,Caddo,33.3333333333,-93.5
cah,Cahuilla,33.5,-116.25
cai,Chai,5.33333333333,35.3333333333
cak,Cakchiquel,14.5,-91.0
cam,Camsá,1.16666666667,-77.0
can,Candoshi,-4.16666666667,-77.0
cap,Capanahua,-7.0,-74.0
car,Carib,5.5,-56.0
cas,Cashibo,-8.5,-75.5
cat,Catio,7.16666666667,-76.3333333333
cav,Cavineña,-13.3333333333,-66.5
cax,Campa (Axininca),-12.0,-74.0
cay,Cayapa,0.666666666667,-79.0
cba,Chumash (Barbareño),34.5,-120.25
cbo,Chácobo,-12.1666666667,-66.75
cch,Chocho,17.6666666667,-97.4166666667
cck,Chickasaw,34.0,-88.0
ccm,Chinantec (Comaltepec),17.5833333333,-96.4166666667
cco,Chasta Costa,42.6666666667,-124.0
ccp,Cocopa,32.3333333333,-115.0
cct,Choctaw,32.25,-88.5
cde,Carib (De'kwana),5.5,-65.0
cea,Cree (Swampy),56.0,-90.0
ceb,Cebuano,10.0,124.0
cec,Chicomuceltec,15.5,-92.25
cem,Cèmuhî,-20.8333333333,165.166666667
cga,Chaga,-3.0,37.0
cha,Chamorro,13.45,144.75
chb,Chambri,-4.16666666667,143.083333333
chc,Chechen,43.25,45.8333333333
chd,Chaudangsi,30.0,80.25
che,Cherokee,35.5,-83.5
chg,Chang,26.3333333333,94.75
chh,Chaha,8.112935,37.93267
chi,Chimariko,41.0,-123.0
chj,Chuj,15.9166666667,-91.5833333333
chk,Chukchi,67.0,-173.0
chl,Chehalis (Upper),46.5833333333,-123.0
chm,Chamalal,42.55,46.05
chn,Chantyal,28.5833333333,83.4166666667
cho,Chontal (Highland),16.25,-95.75
chp,Chipewyan,59.0,-106.0
chq,Chinantec (Quiotepec),17.5833333333,-96.6666666667
chr,Chrau,10.75,107.5
chs,Chin (Siyin),23.8333333333,94.0
cht,Chatino (Nopala),16.0833333333,-97.1666666667
chu,Chulupí,-23.5,-60.5
chv,Chuvash,55.5,47.5
chw,Cham (Western),12.0,105.5
chx,Chontal (Huamelultec Oaxaca),16.0,-95.75
chy,Chayahuita,-5.5,-77.0
chz,Chaozhou,23.6666666667,116.666666667
cic,Chichewa,-14.0,34.0
cil,CiLuba,-6.0,22.0
cin,Chumash (Ineseño),34.6666666667,-120.25
cjo,Chichimeca-Jonaz,21.6666666667,-100.5
ckh,Cheke Holo,-8.33333333333,159.666666667
ckl,Chinook (Lower),46.25,-123.5
ckr,Canela-Krahô,-6.0,-46.0
cku,Chinook (Upper),45.5,-122.5
cla,Clallam,48.0833333333,-123.75
clc,Colac,-38.3333333333,143.5
cld,Chaldean (Modern),36.0,43.0
cle,Chinantec (Lealao),17.3333333333,-95.9166666667
cln,Cholón,-8.0,-77.5
cly,Chulym,54.3333333333,89.6666666667
cma,Chimila,10.0,-74.0
cmc,Comecrudo,25.8333333333,-99.0
cme,Cham (Eastern),11.3333333333,108.5
cmh,Chemehuevi,34.3333333333,-115.166666667
cmk,Chemakum,48.0833333333,-122.916666667
cml,Camling,27.0,86.6666666667
cmn,Comanche,33.5,-101.5
cmr,Chin (Mara),23.0,93.1666666667
cmx,Comox,50.1666666667,-125.0
cmy,Chontal Maya,18.1666666667,-92.5833333333
cnl,Canela,-7.0,-45.0
cnm,Canamarí,-6.5,-68.5
cnt,Cantonese,23.0,113.0
coa,Coahuilteco,28.0,-100.0
coc,Cocama,-5.0,-74.5
coe,Coeur d'Alene,47.25,-116.5
cof,Cofán,0.166666666667,-77.1666666667
cog,Cogui,11.0,-73.8333333333
coi,Chortí,14.8333333333,-89.25
col,Chol,17.75,-92.5
com,Comorian,-12.0,44.0
coo,Coos (Hanis),43.5,-124.166666667
cop,Coptic,26.0,32.0
cor,Cora,22.1666666667,-104.833333333
cos,Costanoan,37.0,-122.0
cpa,Campa Pajonal Asheninca,-10.6666666667,-74.25
cpl,Chinantec (Palantla),18.8333333333,-96.75
cpn,Chepang,27.6666666667,84.75
cpw,Chippewa (Red Lake and Pillager),48.0,-95.0
cpy,Chipaya,-18.75,-67.8333333333
cqt,Chiquitano,-17.5,-60.0
cre,Cree (Plains),54.0,-110.0
crg,Chiriguano,-23.6666666667,-64.3333333333
crh,Chru,11.5,108.5
cri,Crimean Tatar,45.0,34.0833333333
crj,Carijona,1.0,-73.0
crk,Creek,34.0,-85.0
crl,Carolinian,15.2,145.75
crn,Cornish,50.3333333333,-5.0
cro,Crow,47.0,-108.0
crp,Carapana,0.833333333333,-70.75
crq,Carrier,53.75,-123.5
crt,Chorote,-22.5,-62.5
csc,Chinantec (Sochiapan),17.75,-96.6666666667
csf,Chinantec (San Felipe Usila),17.9166666667,-96.5
csh,Cashinahua,-10.5,-71.8333333333
csk,Diola-Kasa,12.5,-16.75
csl,Chinese Sign Language,35.0,115.0
cso,Chatino (Sierra Occidental),16.25,-97.3333333333
ctc,Cuicatec,17.8333333333,-96.8333333333
cte,Chinantec (Tepetotutla),17.8333333333,-96.5
cti,Chin (Tiddim),23.3333333333,93.6666666667
ctl,Catalan,41.75,2.0
ctm,Chitimacha,29.6666666667,-91.0
ctt,Chatino (Tataltepec),16.1666666667,-97.5833333333
ctw,Catawba,35.5,-80.5
cua,Cua,15.25,108.5
cub,Cubeo,1.33333333333,-70.5
cuc,Cuica,9.0,-70.5
cui,Cuiba,6.5,-70.0
cul,Culina,-6.0,-70.5
cum,Chumburung,7.75,0.25
cup,Cupeño,33.1666666667,-116.5
cur,Curripaco,2.5,-68.5
cut,Cuitlatec,17.5,-101.0
cuu,Chuukese,7.33333333333,151.75
cvc,Chavacano,7.0,122.083333333
cve,Chuave,-6.11666666667,145.116666667
cwe,Columbia-Wenatchi,47.5,-120.0
cya,Chatino (Yaitepec),16.25,-97.25
cyg,Cayuga,42.75,-76.75
cyn,Cheyenne,47.0,-95.0
cyv,Cayuvava,-13.5,-65.5
cze,Czech,50.0,15.0
daa,Da'a,-1.0,119.583333333
dab,Daba,10.1666666667,13.75
dad,Dadibi,-6.55,144.583333333
dag,Daga,-10.0,149.333333333
dah,Dahalo,-2.33333333333,40.5
dak,Dakota,45.0,-93.5
dam,Damana,11.0,-73.5
dan,Dan,7.5,-8.0
dar,Darai,24.0,84.0
dat,Datooga,-4.33333333333,35.3333333333
daw,Dâw,-0.25,-67.0833333333
day,Day,8.75,17.8333333333
dbd,Dabida,-4.0,38.6666666667
dbr,Dutch (Brabantic),50.75,4.5
dbw,Dan (Blowo),7.33333333333,-8.16666666667
dca,Dumagat (Casiguran),16.3333333333,122.0
dda,Dhuwal (Dätiwuy),-12.1666666667,136.25
ddf,Daju (Dar Fur),12.25,25.25
ddj,Dadjriwalé,5.25,-5.66666666667
dds,Donno So,14.3333333333,-3.58333333333
def,Defaka,4.58333333333,7.5
deg,Degema,4.75,6.75
den,Dení,-6.0,-67.0
der,Dla (Proper),-3.58333333333,141.0
des,Desano,0.833333333333,-69.8333333333
det,Deti,-20.5,24.5
deu,Deuri,26.0,90.25
dga,Dagaare,10.5,-2.66666666667
dgb,Dagbani,9.58333333333,-0.5
dge,Deutsche Gebärdensprache,52.0,11.0
dgi,Dogri,33.0,75.0
dgo,Dongo,3.0,30.0
dgr,Dagur,48.0,124.0
dgx,Degexit'an,62.0,-160.0
dha,Dhaasanac,4.66666666667,36.3333333333
dhb,Dharumbal,-22.75,150.5
dhi,Dhivehi,4.16666666667,73.5
dhl,Dhalandji,-22.08,115.0
dhm,Dhimal,26.6666666667,87.75
dhr,Dhargari,-23.75,114.916666667
dhu,Dhurga,-35.6666666667,150.0
dhw,Dharawal,-34.5,150.5
did,Didinga,4.5,33.5
die,Diegueño (Mesa Grande),32.6666666667,-116.166666667
dig,Digaro,28.4166666667,96.0
dim,Dime,6.16666666667,36.25
din,Dinka,8.5,28.0
dio,Diola-Fogny,13.0,-16.25
diy,Diyari,-28.0,139.0
diz,Dizi,6.16666666667,36.5
dja,Djabugay,-16.75,145.583333333
dji,Djingili,-17.75,134.0
djm,Djambarrpuyngu,-12.1666666667,135.5
djn,Djinang,-12.3333333333,134.833333333
djp,Djapu,-12.6666666667,136.0
djr,Djaru,-18.75,128.0
dli,Dutch (Limburg),51.0,5.5
dlm,Dla (Menggwa),-3.55,141.033333333
dma,Duma,-0.95,13.0
dmi,Dumi,27.25,86.6666666667
dmk,Dumaki,36.1666666667,74.0
dms,Dimasa,25.5,93.0
dng,Ding,-4.33333333333,19.5
dni,Dani (Lower Grand Valley),-4.33333333333,138.833333333
dnw,Dangaléat (Western),12.1666666667,18.3333333333
dob,Dobel,-6.25,134.666666667
dok,Doko,3.0,23.0833333333
dol,Dolgan,71.25,98.0
dom,Domari,32.0,35.0
don,Dong,27.0,109.0
dou,Doutai,-3.33333333333,138.166666667
doy,Doyayo,8.66666666667,13.0833333333
dre,Drehu,-21.0,167.25
drg,Dargwa,42.25,47.4166666667
dri,Dari,35.0,66.0
drm,Darma,30.0,79.75
dsh,Danish,56.0,10.0
dts,Toro So,14.4166666667,-3.25
dua,Duala,4.0,9.41666666667
dug,Dullay (Gollango),5.5,37.25
duk,Duka,11.1666666667,5.08333333333
dul,Dulong,28.0,98.3333333333
dum,Dumo,-2.68333333333,141.3
dun,Duna,-5.5,142.5
dut,Dutch,52.5,6.0
duz,Dutch (Zeeuws),51.5,3.75
dyi,Dyirbal,-17.8333333333,145.583333333
dym,Dyimini,8.41666666667,-4.41666666667
dyu,Dyula,9.83333333333,-4.66666666667
ebi,Ebira,8.16666666667,7.0
edo,Edolo,-6.16666666667,142.666666667
efi,Efik,4.91666666667,8.5
ega,Ega,5.5,-5.5
egn,Engenni,5.16666666667,6.38333333333
eip,Eipo,-4.33333333333,140.083333333
eja,Ejagham,5.41666666667,8.66666666667
eka,Ekari,-3.83333333333,135.5
eko,Ekoti,-16.5,39.5
els,Elseng,-3.0,140.5
emb,Emberá (Northern),6.83333333333,-77.1666666667
emc,Embera Chami,5.0,-76.0
eme,Émérillon,3.16666666667,-52.4166666667
eml,Embaloh,1.16666666667,112.333333333
emm,Emmi,-13.5,130.0
ena,Enga,-5.5,143.666666667
ene,Enets,67.5,86.5
eng,English,52.0,0.0
eno,Enggano,-5.41666666667,102.25
eny,Enya,-0.5,25.25
epe,Epena Pedee,3.0,-77.0
erk,Efate (South),-17.75,168.416666667
err,Erromangan,-18.8333333333,169.166666667
ese,Ese Ejja,-11.0,-66.0
esm,Esmeraldeño,0.333333333333,-79.8333333333
ess,Esselen,36.25,-121.75
est,Estonian,59.0,26.0
ets,Etsako,7.25,6.5
eud,Eudeve,29.1666666667,-109.666666667
eve,Evenki,56.0,125.0
evn,Even,68.0,130.0
ewa,Ewe (Anglo),6.0,1.0
ewe,Ewe,6.33333333333,0.416666666667
ewo,Ewondo,4.0,12.0
eya,Eyak,60.5,-145.0
far,Faroese,62.0,-7.0
fas,Fasu,-6.58333333333,143.333333333
fbf,Fula (Burkina Faso),14.0,0.0
fea,Frisian (Eastern),53.5833333333,7.5
fef,Fe'fe',5.25,10.1666666667
fgo,Fulani (Gombe),10.25,11.25
fgu,Fula (Guinean),11.5,-12.5
fij,Fijian,-17.8333333333,178.0
fin,Finnish,62.0,25.0
fio,Fiote,-5.5,14.0
fiw,Fijian (Wayan),-17.0,177.3
fli,Ful (Liptako),13.5,0.5
fma,Fula (Mauritanian),16.5,-13.75
fni,Fula (Nigerian),8.16666666667,10.5
fno,Frisian (North),54.5,9.0
foe,Foe,-6.5,143.5
fon,Fongbe,6.41666666667,2.16666666667
for,Fore,-6.75,145.5
fox,Fox,43.0,-83.0
fqs,Momu,-3.0,141.583333333
frd,Fordata,-6.75,131.5
fre,French,48.0,2.0
fri,Frisian,53.0,5.0
frw,Frisian (Western),53.0,6.0
fsl,Finnish Sign Language,62.0,26.0
fua,Fula (Cameroonian),9.16666666667,13.5
fue,Futuna (East),-14.3333333333,-178.166666667
ful,Fulniô,-8.0,-37.5
fum,Fulfulde (Maasina),15.0,-5.0
fur,Fur,13.5,25.0
fus,Fula (Senegal),15.0,-14.0
fut,Futuna-Aniwa,-19.5333333333,170.216666667
fuz,Fuzhou,26.0,119.5
fye,Fyem,9.58333333333,9.33333333333
ga,Gã,5.66666666667,-0.166666666667
gaa,Gaagudju,-12.5833333333,132.833333333
gad,Gade,8.66666666667,7.41666666667
gae,Gaelic (Scots),57.0,-4.0
gag,Gagauz,46.3333333333,28.6666666667
gah,Gahuku,-6.0,145.416666667
gal,Galo,28.1666666667,94.6666666667
gam,Gamo,6.66666666667,37.25
gan,Great Andamanese,12.0,92.6666666667
gap,Gapapaiwa,-9.75,149.833333333
gar,Garo,25.6666666667,90.5
gau,German (Upper Austrian),47.0,14.0
gav,Gavião,-10.6666666667,-62.0
gay,Gayo,4.5,97.5
gba,German (Bavarian),49.0,11.5
gbb,Gbeya Bossangoa,6.66666666667,17.5
gbc,Guinea Bissau Crioulo,12.0,-15.0
gbe,German (Bern),47.0,7.41666666667
gbk,Gbaya Kara,6.0,15.0
gbl,German (Berlin),52.5,13.3333333333
gcy,Greek (Cypriot),34.75,33.0
gdb,Gutob,19.0,83.6666666667
gdf,Guduf,11.2333333333,13.8
gdi,Godié,5.41666666667,-5.83333333333
gdk,Gadaba (Kondekor),18.75,83.5
gdl,Guadeloupe Creole,16.25,-61.5
gdr,Gidar,10.0,14.0
gds,Gadsup,-6.25,146.0
gel,Gela,-9.08333333333,160.25
geo,Georgian,42.0,44.0
ger,German,52.0,10.0
gfr,Guianese French Creole,5.0,-53.0
ggd,Gugadj,-18.5,140.5
ggu,Gureng Gureng,-25.25,151.0
gha,German (Hannover),52.4166666667,9.66666666667
ghb,Guahibo,5.0,-69.0
gho,Ghotuo,7.08333333333,5.75
ghr,Gahri,32.5,77.0
gid,Gidabal,-28.4166666667,152.416666667
gil,Gilaki,37.3333333333,50.0
gim,Gimira,7.0,35.75
gir,Gula Iro,10.25,19.4166666667
git,Gitksan,55.3333333333,-127.75
giz,Giziga,10.3333333333,14.1666666667
gji,Gurindji,-17.6666666667,130.666666667
gjj,Guajajara,-5.0,-46.0
gku,Gününa Küne,-41.0,-67.0
gla,Gelao,22.9166666667,105.5
glc,Galician,43.0,-8.0
gll,Galela,2.41666666667,128.333333333
gln,Golin,-6.33333333333,144.75
glp,Gaalpu,-12.6666666667,136.75
gma,German (Mansfeldisch),51.5833333333,11.5
gmb,Guambiano,2.5,-76.6666666667
gml,Gamilaraay,-29.8333333333,149.5
gmt,Gumatj,-12.5,135.5
gmw,Gumawana,-9.25,150.833333333
gmz,Gumuz,12.5,35.8333333333
gna,Guana,-22.0,-58.0
gnb,Gunbalang,-12.0,134.0
gnd,Ga'anda,10.3333333333,12.5833333333
gnn,Gunin,-14.25,126.666666667
gno,Guanano,0.833333333333,-69.5
gny,Gunya,-26.5,146.5
goa,Goajiro,12.0,-72.0
god,Godoberi,42.6666666667,46.0833333333
goe,Goemai,8.66666666667,9.75
gog,Gogodala,-8.08333333333,142.833333333
goj,Gojri,32.75,76.25
gok,Gokana,4.58333333333,7.33333333333
gol,Gola,7.25,-10.8333333333
gon,Gondi,19.0,81.0
goo,Gooniyandi,-18.3333333333,126.333333333
gor,Gorowa,-4.5,36.5
gos,German (Ostschweiz),47.4166666667,9.25
gpz,German (Appenzell),47.3333333333,9.33333333333
grb,Grebo,5.0,-8.0
gre,Greenlandic (East),65.0,-40.0
grf,Garífuna,15.6666666667,-88.0
grg,Gurr-goni,-12.25,134.416666667
grj,Guarijío,27.75,-108.666666667
grk,Greek (Modern),39.0,22.0
grm,Gurma,12.25,1.0
grn,Gurenne,10.8333333333,-0.916666666667
gro,Guro,7.0,-6.0
grp,German (Ripuarian),51.0,7.0
grr,Garrwa,-17.0833333333,137.166666667
grs,Garus,-4.95,145.666666667
grt,Gorontalo,0.5,122.0
grw,Greenlandic (West),64.0,-51.0
gsl,Greek Sign Language,38.5,22.0
gso,Greenlandic (South),60.0,-44.0
gtg,German (Thurgau),47.5833333333,9.16666666667
gth,German (Thuringian),51.0,11.0
gti,German (Timisoara),45.75,21.25
gto,Guató,-17.0,-58.0
gua,Guaraní,-26.0,-56.0
gud,Gude,10.4166666667,13.4166666667
gue,Guere,6.66666666667,-7.75
guf,Gupapuyngu,-12.0,136.0
gug,Gugada,-30.0,134.0
guh,Guhu-Samane,-8.0,147.333333333
guj,Gujarati,23.0,72.0
gul,Gula (in Central African Republic),9.5,22.5
gum,Gumbaynggir,-30.1666666667,152.5
gun,Gunu,4.58333333333,11.25
guq,Guaque,1.0,-72.0833333333
gur,Gurung,28.3333333333,84.3333333333
gus,Gusii,-0.75,34.8333333333
gut,Gurma (Togo),10.75,0.666666666667
guu,Guugu Yimidhirr,-15.0,144.833333333
guw,Gungbe,6.5,2.5
gvi,German (Viennese),48.1666666667,16.3333333333
gwa,Gwari,9.5,7.0
gwe,German (Westphalian),52.0,7.5
gwo,Gworok,9.91666666667,8.16666666667
gyb,Guayabero,2.83333333333,-72.0
gyc,Gyarong (Cogtse),31.5,102.0
gzu,German (Zurich),47.4166666667,8.5
had,Hadza,-3.75,35.1666666667
hai,Haida,53.0,-132.0
hak,Hakka,25.0,116.0
hal,Halia,-5.25,154.666666667
ham,Hamtai,-7.5,146.25
han,Hani,23.0,103.0
har,Haruai,-5.08333333333,144.166666667
hat,Hatam,-1.0,134.0
hau,Hausa,12.0,7.0
hav,Havasupai,35.75,-112.5
haw,Hawaiian,19.5833333333,-155.5
hay,Hayu,27.25,86.0
hba,Hebrew (Modern Ashkenazic),31.75,35.1666666667
hcr,Haitian Creole,19.0,-72.5
hdi,Hdi,11.8666666667,13.7166666667
heb,Hebrew (Modern),31.5,34.8333333333
heh,Hehe,-8.0,36.0
hei,Heiltsuk,52.0,-127.5
hem,Hemba,-6.25,27.1666666667
her,Herero,-20.5833333333,19.0
hhu,Hanga Hundi,-3.83333333333,142.916666667
hia,Hianacoto,0.833333333333,-71.0
hid,Hidatsa,47.0,-102.5
hil,Hiligaynon,10.25,123.0
hin,Hindi,25.0,77.0
hix,Hixkaryana,-1.0,-59.0
hks,Hong Kong Sign Language,22.5,114.0
hlb,Halbi,21.0,81.0
hli,Halkomelem (Island),49.2,-123.0
hln,Halang,14.5,107.5
hlp,Hualapai,35.5,-113.75
hlu,Halkomelem (Upriver),49.25,-121.916666667
hma,Hmar,24.1666666667,93.0
hmb,Huambisa,-4.0,-78.0
hmd,Hmong Daw,26.0,105.0
hmi,Huitoto (Minica),-0.333333333333,-74.0
hmo,Hmong Njua,28.0,105.0
hmr,Hamer,5.0,36.5
hmu,Huitoto (Muinane),-2.41666666667,-71.0
hna,Mina,10.3333333333,13.8333333333
hnd,Hunde,-1.16666666667,28.8333333333
hnk,Hinukh,42.1666666667,46.0
hnn,Hanunóo,12.3333333333,121.25
hno,Haida (Northern),54.0,-132.5
ho,Ho,22.0,86.0
hoa,Hoava,-8.08333333333,157.5
hok,Hokkien,25.0,118.0
hol,Holoholo,-5.16666666667,29.9166666667
hop,Hopi,36.0,-110.0
hpd,Hup,0.166666666667,-69.25
hre,Hre,14.6666666667,108.666666667
hrr,Harari,9.25,42.1666666667
hrs,Harsusi,20.0,56.5
hsl,Haisla,54.0,-128.75
htc,Huastec,22.0833333333,-99.3333333333
htt,Huitoto,-1.0,-74.0
hua,Hua,-6.33333333333,145.333333333
huc,=|Hoan,-25.5,25.0
hui,Huichol,22.0,-104.0
hum,Huitoto (Murui),-1.0,-73.5
hun,Hungarian,47.0,20.0
hup,Hupa,41.0833333333,-123.666666667
hve,Huave (San Mateo del Mar),16.2166666667,-95.0
hwc,Hawaiian Creole,21.5,-158.0
hwr,Hawrami,35.75,45.5
hya,Haya,-2.0,31.5
hyo,Hyow,22.0833333333,92.4166666667
hzb,Hunzib,42.1666666667,46.25
iaa,Iaai,-20.4166666667,166.583333333
iat,Iatmul,-4.25,143.25
iau,Iau,-3.16666666667,137.5
iba,Iban,2.0,112.0
ibi,Ibibio,5.25,7.83333333333
ibn,Ibanag,17.5,121.666666667
ice,Icelandic,65.0,-17.0
ics,Icelandic Sign Language,65.0,-18.0
idn,Iduna,-9.33333333333,150.25
ido,Idoma,6.91666666667,7.5
idu,Idu,29.3333333333,95.8333333333
ifi,Italian (Fiorentino),43.75,11.25
ifm,Ifumu,-3.66666666667,15.3333333333
ifu,Ifugao (Batad),16.8333333333,121.083333333
iga,Inga,1.0,-77.0
igb,Igbo,6.0,7.33333333333
ige,Igede,7.0,8.16666666667
ign,Ignaciano,-15.1666666667,-65.4166666667
igs,Ingessana,11.5,34.0
iha,Iha,-2.91666666667,132.25
iir,Indonesian (Papuan),-2.5,140.666666667
ijo,Ijo (Kolokuma),4.91666666667,5.66666666667
ik,Ik,3.75,34.1666666667
ika,Ika,10.6666666667,-73.75
ila,Ila,-15.5833333333,26.5
ill,Illinois,40.0,-90.0
ilo,Ilocano,16.0,121.0
imo,Imonda,-3.33333333333,141.166666667
ina,Inanwatan,-2.08333333333,132.083333333
ind,Indonesian,0.0,106.0
ing,Ingush,43.1666666667,45.0833333333
inj,Indonesian (Jakarta),-6.16666666667,106.75
inn,Innamincka,-27.75,140.75
inr,Inuktitut (Rankin Inlet),63.0,-92.0
ins,Inuktitut (Salluit),62.0,-76.0
inu,Iñupiaq,67.0,-161.0
ipi,Indo-Pakistani Sign Language (Indian dialects),24.0,80.0
ipk,Indo-Pakistani Sign Language (Karachi dialect),28.0,68.0
iql,Inuktitut (Quebec-Labrador),62.0,-73.0
iqu,Iquito,-3.25,-74.0
ird,Irish (Donegal),55.0,-8.0
iri,Irish,53.0,-8.0
irm,Irish (Munster),52.5,-9.0
irq,Iraqw,-4.0,35.5
irr,Irarutu,-3.0,133.5
irs,Irish Sign Language,53.5,-7.5
irx,Iranxe,-13.0,-58.0
isa,I'saka,-2.83333333333,141.283333333
ise,Isekiri,5.66666666667,5.5
ish,Ishkashmi,37.0,72.0
isi,Isirawa,-1.83333333333,138.5
isl,International Sign,40.0,-170.0
isn,Isnag,18.25,121.0
iso,Isoko,5.5,6.25
iss,Israeli Sign Language,32.0,34.8333333333
ita,Italian,43.0,12.0
itb,Italian (Bologna),44.5,11.3333333333
ite,Itelmen,57.0,157.5
itg,Italian (Genoa),44.4166666667,8.95
itn,Italian (Napolitanian),40.9166666667,14.25
ito,Itonama,-12.8333333333,-64.3333333333
itu,Italian (Turinese),45.0,7.66666666667
itw,Itawis,17.75,121.5
itz,Itzaj,17.0,-89.8333333333
iva,Ivatan,20.5,122.0
ivs,Ivatan (Southern),20.3333333333,121.833333333
iwa,Iwaidja,-11.5,132.666666667
iwm,Iwam,-4.33333333333,142.0
ixc,Ixcatec,17.8333333333,-97.1666666667
ixi,Ixil,15.5,-91.0
izh,Izhor,59.0,29.0
izi,Izi,6.33333333333,8.0
jab,Jabêm,-6.58333333333,147.783333333
jad,Jad,30.8333333333,79.0
jah,Jahai,5.75,101.5
jak,Jakaltek,15.6666666667,-91.6666666667
jam,Jaminjung,-15.0833333333,130.5
jaq,Jaqaru,-13.0,-76.0
jar,Jarawa (in Nigeria),9.5,10.5
jav,Javanese,-7.0,111.0
jbt,Jabutí,-12.25,-62.25
jcr,Jamaican Creole,18.1666666667,-77.25
jeb,Jebero,-5.41666666667,-76.5
jeh,Jeh,15.1666666667,107.833333333
jel,Jeli,9.5,-5.66666666667
jem,Jemez,35.8333333333,-107.0
jia,Jiarong,31.5,102.0
jib,Jibbali,17.5,55.0
jin,Jino,22.0,101.0
jiv,Jivaro,-2.5,-78.0
jlu,Jur Luwo,8.0,28.0
jmm,Jamamadi,-7.5,-67.0
jmo,Jur Mödö,6.0,30.0
jms,Jamsay,14.4166666667,-2.5
jng,Jingpho,25.4166666667,97.0
joh,Johari,30.6666666667,80.0
jom,Jomang,10.5833333333,30.5
jpn,Japanese,37.0,140.0
jpr,Japreria,10.5,-73.0
jrn,Juruna,-5.0,-54.5
jrw,Jarawa (in Andamans),12.0,92.5833333333
jua,Juat,-31.0,115.5
jug,Jugli,27.5,96.3333333333
juh,Ju|'hoan,-19.0,21.0
juk,Jukun,6.91666666667,10.4166666667
jum,Júma,-7.5,-64.0
jun,Juang,21.3333333333,86.0
jur,Jurchen,47.0,130.0
jva,Javaé,-10.0,-50.3333333333
jwr,Jarawara,-7.5,-65.5
kaa,Karó (Arára),-10.3333333333,-62.0
kab,Kabardian,43.5,43.5
kac,Kachari,26.5,91.0
kad,Kadugli,11.0,29.6666666667
kae,Kaki Ae,-8.0,145.833333333
kag,Kayu Agung,-3.16666666667,104.916666667
kai,Kaian,-4.08333333333,144.75
kaj,Kaure,-3.41666666667,140.083333333
kak,Kamano-Kafe,-6.25,145.666666667
kal,Kalami,35.5,72.5
kam,Kambera,-9.83333333333,120.166666667
kan,Kana,4.75,7.41666666667
kao,Karao,16.5,120.833333333
kap,Kela (Apoze),-7.41666666667,147.083333333
kaq,Kaurna,-34.25,138.5
kar,Kara (in Central African Republic),10.0,23.0
kas,Kashmiri,34.0,76.0
kat,Kâte,-6.5,147.75
kau,Kaulong,-6.16666666667,149.666666667
kaw,Kaiwá,-23.0,-55.0
kay,Kayardild,-17.05,139.5
kaz,Kazakh,50.0,70.0
kba,Kamba,-1.5,38.0
kbi,Kabui,24.8333333333,94.0
kbl,Kabyle,36.5,5.0
kbo,Kambot,-4.25,144.133333333
kbr,Kayan (Baram),3.5,114.5
kbt,Kabatei,36.75,49.4166666667
kbu,Kanembu,14.0,15.0
kbw,Karen (Bwe),19.5,97.0
kby,Kabiyé,9.66666666667,1.16666666667
kch,Koyra Chiini,17.0,-3.0
kda,Konda,19.5,83.0
kdg,Karipuna do Guapore,-10.0,-65.0
kdw,Kadiwéu,-20.0,-57.0
kdz,Kadazan,5.91666666667,117.166666667
kea,Kanjobal (Eastern),15.3333333333,-91.6666666667
ked,Kedang,-8.25,123.75
kef,Kefa,7.25,36.25
kei,Kei,-5.83333333333,132.916666667
kek,K'ekchí,16.0,-89.8333333333
kel,Kele,-2.08333333333,147.083333333
kem,Kemant,12.6666666667,37.4166666667
ken,Kenga,12.0,18.0
keo,Ke'o,-8.83333333333,121.25
ker,Kera,9.83333333333,15.0833333333
ket,Ket,64.0,87.0
keu,Kenyah (Uma' Lung),3.0,115.833333333
kew,Kewa,-6.5,143.833333333
kfc,Kriol (Fitzroy Crossing),-18.1666666667,125.583333333
kfe,Koromfe,14.25,-0.916666666667
kfy,Kirghiz (Fu-Yu),47.75,124.416666667
kga,Kinga,-9.0,34.0
kgi,Konyagi,12.5,-13.25
kgl,Umbu Ungu,-6.0,144.0
kgm,Kagoma,9.25,8.16666666667
kgr,Kagulu,-6.33333333333,37.0
kgt,Kangiryuarmiut,68.3333333333,-133.75
kgu,Kalkatungu,-21.0,139.5
kgy,Kyirong,28.4166666667,85.3333333333
kgz,Kirghiz,42.0,75.0
kha,Khalkha,47.0,105.0
khd,Kham (Dege),31.8333333333,98.5833333333
khg,Khaling,27.5,86.6666666667
khi,Khinalug,41.1666666667,48.0833333333
khk,Khakas,53.0,90.0
khl,Khalaj,35.0,50.0
khm,Khmer,12.5,105.0
khn,Khün,21.0,100.0
kho,Khoekhoe,-25.5,18.0
khr,Kharia,22.5,84.3333333333
khs,Khasi,25.5,92.0
khu,Khumi,21.9166666667,92.4166666667
khv,Khvarshi,42.25,46.1666666667
khw,Khowar,36.0,72.0
kic,Kickapoo,42.25,-84.0
kie,Kire,-4.25,144.75
kij,Kitja,-17.5,127.75
kik,Kikuyu,-0.75,36.75
kil,Kiluba,-8.0,26.0
kim,Kimaghama,-8.0,138.5
kin,Kinyarwanda,-2.0,30.0
kio,Kiowa,37.0,-99.0
kiq,Kalmyk (Issyk-Kul),42.4166666667,78.3333333333
kir,Kirma,10.25,-4.83333333333
kis,Kisi,8.83333333333,-10.1666666667
kit,Kitsai,31.8333333333,-96.5
kiu,Kui (in Indonesia),-8.43333333333,124.55
kiw,Kiwai,-8.0,143.5
kje,Koreguaje,1.0,-75.5
kji,Kurmanji,38.0,42.0
kjn,Kunjen,-16.5,142.5
kjo,Konjo,-5.46666666667,120.333333333
kjr,Koorete,5.83333333333,37.8333333333
kkb,Konkomba,10.0,0.0833333333333
kkl,Kata Kolok,-8.25,115.166666667
kkn,Konkani,15.25,74.0
kko,Koranko,9.33333333333,-11.25
kkp,Karakalpak,43.0,60.0
kkq,Kuikúro,-12.4166666667,-53.0833333333
kkr,Kirikiri,-3.0,137.166666667
kkt,Kokota,-8.0,159.133333333
kku,Korku,22.5,78.5
kkv,Lusi,-5.58333333333,149.666666667
kkw,Karankawa,28.0,-97.0
kky,Kankanay,16.75,120.583333333
kkz,Kokni,20.75,73.5
kla,Klao,4.75,-8.75
klb,Kilba,10.3333333333,13.1666666667
klg,Kulung,27.5,87.0
klh,Kalasha,35.0,72.0
kli,Kaili,-1.16666666667,120.0
klk,Koh (Lakka),8.0,15.5
kll,Kaluli,-6.5,142.75
klm,Klamath,42.5,-121.5
kln,Kolana,-8.25,125.116666667
klp,Kalapuya,44.5,-123.0
klq,Kalam,-5.25,144.583333333
klr,Koluri,37.0,48.0
kls,Kalispel,48.0,-117.0
klt,Kelabit,3.66666666667,115.416666667
klv,Kilivila,-8.5,151.083333333
klw,Kiliwa,31.3333333333,-115.666666667
kly,Kala Lagaw Ya,-10.1166666667,142.116666667
klz,Kalanga,-20.5,27.5
kma,Kamaiurá,-12.0833333333,-52.5833333333
kmb,Kombai,-5.58333333333,140.0
kmh,Kham,28.5,82.75
kmi,Kami,-6.75,38.0
kmj,Karimojong,3.0,34.1666666667
kmk,Kalmyk,44.0,83.0
kmn,Kuman,-5.91666666667,145.0
kmo,Koiali (Mountain),-9.0,147.5
kmp,Kunimaipa,-8.0,146.833333333
kmr,Kamoro,-4.33333333333,136.0
kms,Kamass,52.0,92.0
kmt,Kemtuik,-2.66666666667,140.333333333
kmu,Khmu',21.0,102.0
kmw,Kamu,-13.5833333333,130.833333333
kmz,Kamasau,-3.91666666667,143.666666667
kna,Karitiâna,-9.5,-64.0
knb,Kanum (Bädi),-8.83333333333,140.75
knc,Kugu Nganhcara,-14.4166666667,142.0
knd,Kannada,14.0,76.0
kng,Kaingang,-26.0,-52.0
kni,Konni,10.25,-1.58333333333
knk,Kanakuru,10.0,12.0
knm,Kunama,14.5,37.0
knn,Kinnauri,31.5,78.0
kno,Kanoê,-13.25,-61.0
knp,Kanum (Ngkâlmpw),-8.66666666667,140.916666667
knq,Kriol (Ngukurr),-14.8333333333,135.0
knr,Kanuri,12.0,13.0
knu,Konua,-5.83333333333,154.833333333
knw,Konkow,39.5,-121.5
knz,Kham (Tibetan) (Nangchen),32.5,96.5
koa,Koasati,34.8333333333,-85.1666666667
kob,Kobon,-5.16666666667,144.333333333
kod,Kodava,12.1666666667,76.8333333333
koe,Koegu,7.0,36.0833333333
koh,Kohumono,6.0,8.11666666667
koi,Koiari,-9.5,147.333333333
kok,Kokborok,24.3333333333,92.5
kol,Kolami,20.0,78.5
kom,Komo,8.75,33.75
kon,Kongo,-5.0,15.0
koo,Kola,-5.5,134.5
kop,Komi-Permyak,59.5,54.5
kor,Korean,37.5,128.0
kos,Kosraean,5.3,163.0
kot,Kota,11.5,77.1666666667
kou,Kom,6.25,10.3333333333
kow,Ko (Winye),11.8666666667,-2.91666666667
koy,Koya,17.5,81.3333333333
kpa,Kpan,7.58333333333,10.1666666667
kpe,Kpelle,7.0,-10.0
kpm,Kapampangan,15.3333333333,120.5
kpn,Kapingamarangi,1.05,154.75
kpo,Kposo,7.5,0.833333333333
kpw,Karen (Pwo),13.0,99.1666666667
kqq,Krenak,-15.5,-41.0
kra,Kara (in Papua New Guinea),-2.83333333333,151.116666667
krb,Kiribati,1.33333333333,173.0
krc,Karachay-Balkar,43.5,42.0
krd,Kurdish (Central),36.0,44.0
kre,Kresh,8.5,24.5
krf,Korafe,-9.05,149.083333333
krg,Karanga,-20.0,31.0
krh,Krahô,-8.0,-48.0
kri,Kipea,-10.0,-37.0
krj,Karadjeri,-19.0,122.0
krk,Karok,41.6666666667,-123.0
krl,Karelian,64.0,32.0
krm,Karaim,54.6666666667,24.9166666667
krn,Korana,-29.5,20.5
kro,Krongo,10.5,30.0
krq,Kerek,62.25,175.0
krr,Kairiru,-3.33333333333,143.583333333
krt,Karata,42.5833333333,46.3333333333
krw,Korowai,-5.25,140.0
kry,Koryak,61.0,167.0
krz,Kryz,41.0833333333,48.0
ksa,Keresan (Santa Ana),35.4166666667,-106.666666667
kse,Koyraboro Senni,16.0,0.0
ksg,Karen (Sgaw),18.0,97.0
ksh,Kashaya,38.6666666667,-123.333333333
ksi,Ksingmul,21.0833333333,104.0
ksl,Kenyan Sign Language,0.0,38.0
ksm,Kasem,11.25,-1.25
ksn,Kasong,12.75,102.116666667
ksp,Kosop,9.91666666667,15.9166666667
ksr,Kisar,-8.08333333333,127.116666667
kss,Kisi (Southern),8.5,-10.25
ksu,Kashubian,54.0,18.0
kta,Koita,-9.33333333333,147.083333333
ktb,Kituba,-5.0,17.5
ktc,Katcha,10.8333333333,29.6666666667
kte,Kete,-7.0,22.8333333333
kth,Kutchin,67.0,-146.0
kti,"Kati (in West Papua, Indonesia)",-5.75
ktk,Kotoko,11.3333333333,15.3333333333
ktl,Katla,11.8333333333,29.3333333333
ktn,Ketengban,-4.5,140.5
kto,Kato,39.6666666667,-123.666666667
ktp,Ketapang,-1.86666666667,110.0
ktt,Kott,57.0,94.0
ktu,Katu,15.8333333333,107.583333333
kty,Khanty,65.0,65.0
ktz,Kati (in Afghanistan),35.5,70.0
kua,Kualan,-0.416666666667,110.416666667
kug,Kunming,25.0,102.75
kui,Kui (in India),20.0,83.5
kuk,Kukú,5.83333333333,31.6666666667
kul,Kullo,6.75,37.0833333333
kum,Kumauni,30.0,80.0
kun,Kuna,8.0,-77.3333333333
kuo,Kuot,-3.05,151.5
kuq,Kumyk,43.0,47.3333333333
kur,Kurukh,22.8333333333,85.5
kus,Kusunda,28.0,84.6666666667
kut,Kutenai,49.5,-116.0
kuu,Kuuku Ya'u,-12.5833333333,143.083333333
kuv,Kuvi,18.75,82.6666666667
kuy,Kutai,-0.333333333333,116.666666667
kuz,Kulamanen,7.75,125.0
kwa,Kwaio,-8.95,161.0
kwb,Kwerba,-2.25,138.5
kwe,Kanjobal (Western),15.8333333333,-91.8333333333
kwk,Kwakw'ala,51.0,-127.0
kwm,Kwami,10.4166666667,11.0
kwn,Kwangali,-18.0,19.5
kwo,Kwoma,-4.16666666667,142.75
kwr,Kwamera,-19.5833333333,169.416666667
kws,Kawaiisu,36.0,-117.5
kwt,Kwomtari,-3.5,141.5
kwy,Iwoyo,-5.5,12.25
kwz,Kwazá,-12.5833333333,-60.6666666667
kxo,Kxoe,-17.5,22.5
kya,Kuku-Yalanji,-16.0,145.0
kyg,Kenyang,5.66666666667,9.5
kyk,Kyaka,-5.55,144.083333333
kyl,Kayah Li (Eastern),19.0,97.5
kym,Krymchak,45.0,34.25
kyn,Koyukon,65.0,-155.0
kyo,Kanyok,-7.33333333333,23.5833333333
kyp,Kayapó,-9.0,-52.0
kyq,Kyuquot,50.1666666667,-127.166666667
kyr,Karkar-Yuri,-3.75,141.083333333
kyt,Kaytej,-21.0,134.0
kyz,Kayabí,-11.0,-55.5
kzh,Kam (Zhanglu),26.0,108.5
kzy,Komi-Zyrian,65.0,55.0
laa,Laal,10.0,17.6666666667
lab,Labu,-6.75,146.916666667
lac,Lacandón,17.0,-91.5
lad,Ladakhi,34.0,78.0
laf,Lafofa,10.25,31.25
lag,Lagwan,11.5,14.8333333333
lah,Lahu,20.0,98.1666666667
lai,Lai,22.6666666667,93.6666666667
lak,Lak,42.1666666667,47.1666666667
lal,Lalo,25.0,100.25
lam,Lamé,9.0,14.5
lan,Lango,2.16666666667,33.0
lao,Lao,18.0,103.0
lar,Laragia,-12.6666666667,130.833333333
lat,Latvian,57.0,24.0
lau,Lau,-9.58333333333,161.5
lav,Lavukaleve,-9.08333333333,159.2
laz,Laz,41.5,41.5
lbu,Lunda,-10.6666666667,24.0
lch,Lachi,22.6666666667,104.833333333
lcr,Lesser Antillean French Creole,15.0,-61.1666666667
lda,Luganda,0.5,32.1666666667
ldn,Ladin,46.5833333333,11.9166666667
ldo,Londo,5.0,9.16666666667
ldu,Lendu,2.0,30.5
leb,Lebeo,1.75,25.0
lec,Leko,-15.0,-67.9166666667
leg,Lega,-2.83333333333,27.1666666667
lel,Lele,9.08333333333,15.5833333333
len,Lenakel,-19.45,169.25
lep,Lepcha,27.1666666667,88.5
les,Lese,2.0,29.0
let,Leti,-8.2,127.666666667
lew,Lewo,-16.75,168.333333333
lez,Lezgian,41.6666666667,47.8333333333
lga,Luangiua,-5.33333333333,159.416666667
lge,Low German,53.0,10.0
lgh,Lughat al-Isharat al-Lubnaniya,34.0,35.8333333333
lgi,Langi,-4.5,36.0
lgp,Língua Gestual Portuguesa,40.0,-8.0
lgt,Logoti,3.5,30.0
lgu,Longgu,-9.75,160.666666667
lha,Laha,21.5833333333,103.916666667
lho,Lhomi,27.6666666667,87.4166666667
lic,Hlai (Baoding),19.0,109.5
lii,Lingua Italiana dei Segni,42.0,13.0
lil,Lillooet,50.75,-122.0
lim,Limbu,27.1666666667,87.75
lin,Lingala,2.0,18.5
lis,Lisu,26.0,98.0
lit,Lithuanian,55.0,24.0
liv,Liv,56.8333333333,24.0
lje,Lauje,-0.5,120.0
lkk,Lakkia,24.0833333333,110.166666667
lkt,Lakhota,43.8333333333,-101.833333333
lla,Lamu-Lamu,-14.8333333333,144.5
llm,Lelemi,7.33333333333,0.5
lma,Loma,8.0,-9.5
lmb,Lamba,-13.0,28.0
lmg,Lamang,11.25,13.5833333333
lmh,Lamaholot,-8.25,122.916666667
lml,Limilngan,-12.5,131.916666667
lmn,Lamani,17.0,77.0
lmp,Lampung,-5.0,105.0
lmu,Lamen,-16.5833333333,168.166666667
lnd,Linda,6.5,20.75
lng,Lengua,-22.5,-59.0
lnj,Linngithig,-12.5,142.83
lno,Ladino,40.0,33.0
lns,Lamnso',6.16666666667,10.75
lnw,Lonwolwol,-16.2166666667,168.0
lob,Lobi,10.5,-3.25
lok,Loko,9.33333333333,-12.0833333333
lon,Loniu,-2.06666666667,147.333333333
lot,Lotha,26.5,94.25
lou,Lou,-2.38333333333,147.316666667
lov,Loven,15.0,106.333333333
loz,Lozi,-17.8333333333,26.0
lrd,Lardil,-16.5,139.333333333
lrk,Larike,-3.75,127.916666667
lsa,Lengua de Señas Argentina,-34.0,-63.0
lsb,Língua de Sinais Brasileira,-15.0,-48.0
lse,Lengua de Señas Española,40.0,-3.0
lsf,Langue des Signes Française,47.0,3.0
lsq,Langue des Signes Québecoise,48.0,-75.0
lu,Lü,22.0,100.666666667
lua,Lua,9.75,17.75
luc,Lucazi,-14.0,20.0
lud,Lun Dayeh,4.0,115.916666667
lug,Lugbara,3.08333333333,30.9166666667
lui,Luiseño,33.3333333333,-117.166666667
lul,Lule,-28.0,-64.0
lum,Lummi,48.7,-122.666666667
lun,Lungchang,27.5,96.4166666667
luo,Luo,-0.5,34.75
lur,Luri,33.5,48.5
lus,Lushootseed,48.0,-122.0
luv,Luvale,-12.0,22.0
lux,Luxemburgeois,49.8333333333,6.16666666667
luy,Luyia,0.416666666667,34.5
lye,Lyele,12.5,-2.66666666667
ma,Ma,3.5,28.0
maa,Maasai,-3.0,36.0
mab,Maba,13.75,20.8333333333
mac,Macushi,4.0,-60.0
mad,Ma'di,3.25,31.5
mae,Mae,-16.0,167.25
mag,Magar,28.0,83.0
mah,Mari (Hill),57.0,58.0
mai,Maithili,26.0,86.0
maj,Majang,6.75,35.0
mak,Makah,48.3333333333,-124.666666667
mal,Malagasy,-20.0,47.0
mam,Mam,15.0,-91.8333333333
man,Mano,7.0,-9.0
mao,Maori,-40.0,176.0
map,Mapudungun,-38.0,-72.0
mar,Maricopa,33.1666666667,-113.166666667
mas,Masa,10.5,15.5
mau,Maung,-11.9166666667,133.5
mav,Maring,-5.5,144.666666667
maw,Maninka (Western),13.0,-11.0
max,Maxakalí,-18.0,-40.0
may,Maybrat,-1.33333333333,132.5
maz,Mazahua,19.4166666667,-99.9166666667
mba,Mba,1.0,25.0
mbb,Mbabaram,-17.1666666667,145.0
mbe,Mbere,-0.5,14.0
mbg,Mbugu,-4.33333333333,38.1666666667
mbi,Mbili,6.11666666667,10.2
mbl,Mbole,-0.666666666667,24.6666666667
mbm,Mbum,7.75,13.1666666667
mbo,Monumbo,-4.25,145.0
mbr,Mbara,11.0,15.4166666667
mbt,Mangbetu,2.5,26.5
mbu,Manambu,-4.25,142.833333333
mby,Mbay,8.25,17.5
mbz,Mbe',6.28333333333,11.0833333333
mca,Maca,-25.0,-57.5
mcc,Mochica,-7.5,-79.3333333333
mcd,Macedonian,41.6666666667,21.75
mce,Mískito Coast English Creole,16.25,-88.8333333333
mcf,Michif,52.0,-100.166666667
mcg,Macaguán,6.5,-71.3333333333
mch,Machiguenga,-12.0,-72.6666666667
mcn,Macuna,-0.333333333333,-70.1666666667
mco,Mixe (Coatlán),16.9166666667,-95.6666666667
mcr,Mauritian Creole,-20.3333333333,57.5
mcs,Miwok (Central Sierra),38.0,-120.333333333
mcv,Mocoví,-28.0,-60.5
mda,Mada (in Cameroon),10.8333333333,14.1666666667
mdb,Mudburra,-17.3333333333,132.083333333
mde,Mende,7.83333333333,-11.5
mdg,Mundang,9.66666666667,14.5
mdk,Mandinka,13.0,-15.6666666667
mdl,Madngele,-13.8333333333,130.416666667
mdm,Madimadi,-34.5,143.5
mdn,Mandan,46.5,-102.5
mdo,Mbodomo,4.5,15.5
mdr,Madurese,-7.0,113.5
mds,Manadonese,1.5,124.833333333
mdu,Mündü,4.5,30.0
mdw,Mbosi,-1.25,15.5
mdz,Mada (in Nigeria),8.75,8.25
mea,Meyah,-1.16666666667,133.5
meb,Melayu Betawi,-6.5,107.0
mee,Me'en,5.0,37.0
meh,Mehri,17.0,51.5
mei,Meithei,24.75,94.0
mek,Mekens,-12.5,-61.5
mel,Melanau,2.5,111.5
mem,Manem,-3.0,140.833333333
men,Menomini,45.5,-88.3333333333
mer,Meryam Mir,-9.91666666667,144.083333333
mey,Menya,-7.25,146.0
mga,Mondunga,2.25,21.5
mgd,Mongondow,0.666666666667,124.0
mge,Mnong (Eastern),12.6666666667,108.5
mgg,Mangghuer,36.0,102.0
mgh,Magahi,23.5,85.5
mgi,Magi,-10.3333333333,149.333333333
mgk,Mungaka,5.91666666667,10.0
mgl,Mingrelian,42.5,42.0
mgn,Magindanao,6.83333333333,124.5
mgo,Mongo,0.0,21.0
mgq,Mango,8.75,17.0
mgu,Musgu,10.8333333333,14.9166666667
mhc,Mahican,42.6666666667,-73.5
mhi,Marathi,19.0,76.0
mhk,Mehek,-3.75,142.5
mhl,Miri (Hill):,27.9166666667,93.8333333333
mhm,Mah Meri,2.83333333333,101.5
mhu,Mbalanhu,-17.5,15.0
mic,Micmac,45.0,-63.0
mid,Midob,15.0833333333,26.25
mie,Mien,25.0,111.0
mig,Migama,12.1666666667,19.8333333333
mii,Miisiirii,13.5,22.0
mij,Miju,29.0,96.0
mik,Mikir,26.3333333333,93.5
mil,Milang,28.5,95.25
min,Minangkabau,-1.0,101.0
mir,Miriwung,-15.6666666667,129.0
mis,Miskito,14.0,-83.6666666667
mit,Mituku,-1.66666666667,25.5
miy,Miya,10.9166666667,9.66666666667
miz,Mizo,23.1666666667,92.8333333333
mja,Mixtec (Jamiltepec),16.25,-97.8333333333
mjc,Mixtec (San Juan Colorado),16.5,-98.0
mjk,Manjaku,12.0,-16.25
mka,Mauka,8.33333333333,-7.5
mkb,Miwok (Bodega),38.3333333333,-123.0
mkd,Makonde,-11.0,40.0
mke,Mekeo,-8.33333333333,146.5
mkg,Mandinka (Gambian),13.4166666667,-16.0
mkh,Mongol (Khamnigan),49.0,117.0
mki,Mikasuki,32.0,-85.0
mkj,Makasae,-8.66666666667,126.5
mkl,Maklew,-7.66666666667,139.416666667
mkn,Mankanya,12.0833333333,-15.9166666667
mko,Mokilko,11.9166666667,18.0833333333
mkq,Mankon,6.0,10.1666666667
mkr,Mikarew,-4.41666666667,144.916666667
mks,Makassar,-5.41666666667,119.583333333
mku,Maranungku,-13.6666666667,130.0
mkw,Máku,0.416666666667,-69.8333333333
mkz,Makaa,3.41666666667,12.25
mla,Mambila,6.75,11.5
mlc,Malacca Creole,2.2,102.25
mle,Maale,6.0,36.9166666667
mlg,Malgwa,11.5,13.75
mli,Mali,-4.83333333333,152.25
mlk,Malakmalak,-13.4166666667,130.416666667
mll,Molala,44.5,-122.5
mlm,Mlabri (Minor),18.5,101.0
mlt,Maltese,35.9166666667,14.4166666667
mlu,Maleu,-5.71666666667,148.416666667
mly,Malay,3.0,102.0
mma,Mandaic (Modern),31.0,48.5
mmb,Mangap-Mbula,-5.66666666667,148.083333333
mme,Mari (Meadow),57.0,48.0
mmi,Mambai,9.66666666667,14.0
mmn,Mamanwa,9.41666666667,125.5
mmo,Mordvin (Moksha),54.0,44.0
mmp,Mampruli,10.3333333333,-0.666666666667
mms,Mamasa,-3.08333333333,119.666666667
mmu,Malay (Ulu Muar),2.66666666667,102.5
mmv,Mamvu,3.25,29.0
mmw,Mambwe,-9.08333333333,31.1666666667
mmz,Mam (Southern),14.8333333333,-91.6666666667
mna,Muna,-5.0,122.5
mnc,Manchu,49.5,127.5
mnd,Mandarin,34.0,110.0
mne,Maidu (Northeast),40.0,-120.666666667
mng,Manggarai,-8.5,120.333333333
mni,Moni,-3.66666666667,137.0
mnj,Mantjiltjara,-22.6666666667,125.083333333
mnk,Maninka,10.5,-9.5
mnm,Manam,-4.0,145.0
mno,Mono (in United States),38.0,-119.0
mnr,Mandar,-3.41666666667,119.083333333
mns,Mansi,62.0,62.0
mnt,Mentawai,-1.5,99.0
mnu,Mun,19.0,110.0
mnv,Minaveha,-9.6,150.466666667
mnx,Manx,54.1666666667,-4.5
mny,Margany,-27.0,144.5
mnz,Munzombo,3.0,18.4166666667
moa,Mono-Alu,-7.05,155.75
moc,Moca,7.58333333333,35.5
moe,Mordvin (Erzya),53.0,45.5
mof,Mofu-Gudur,10.5,14.0
mog,Moghol,35.0,62.0
moh,Mohawk,43.5,-74.25
moj,Mojave,34.6666666667,-114.583333333
mok,Mokilese,6.66666666667,159.75
mol,Moldavian,47.0,29.0
mom,Mombum,-8.25,138.75
mon,Mon,14.8333333333,100.5
moo,Mooré,12.8333333333,-1.25
mop,Mopan,16.5833333333,-88.6666666667
mor,Mor,-2.95,135.75
mos,Mosetén,-14.75,-67.8333333333
mot,Motuna,-6.61666666667,155.416666667
mou,Moru,4.75,29.75
mov,Movima,-13.8333333333,-65.6666666667
mpa,Murrinh-Patha,-14.6666666667,129.666666667
mpo,Mpongwe,-1.25,9.5
mpr,Maipure,5.5,-67.5
mpt,Mian,-4.75,141.5
mpu,Mpur,-0.75,133.25
mpy,Mapoyo,6.0,-67.0
mqc,Martinique Creole,14.6666666667,-61.0
mqf,Momuna,-4.83333333333,139.25
mra,Mara,-15.0,135.166666667
mrc,Marchha,30.25,79.5833333333
mrd,Marind,-7.83333333333,140.166666667
mrg,Margi,11.0,13.0
mrh,Marrithiyel,-13.8333333333,130.0
mri,Moraori,-8.58333333333,140.666666667
mrj,Mirniny,-31.0,129.0
mrk,Murik,-3.83333333333,144.25
mrl,Murle,6.5,33.5
mrn,Maranao,7.83333333333,124.25
mro,Moro,11.0,30.1666666667
mrq,Marquesan,-8.91666666667,-140.083333333
mrr,Maringarr,-14.25,130.0
mrs,Mairasi,-3.5,134.0
mrt,Martuthunira,-20.8333333333,116.5
mru,Maru,23.5,98.5
mrw,Muruwari,-28.75,147.0
msc,Muisca,5.0,-74.0
mse,Munsee,41.5,-74.6666666667
msg,Mising,28.5,94.8333333333
msh,Marshallese,7.11666666667,171.05
msk,Masakin,10.6666666667,30.0
msl,Masalit,13.3333333333,22.0
msm,Musom,-6.58333333333,147.0
msn,Maisin,-9.5,149.166666667
msq,Musqueam,49.1666666667,-123.0
mss,Miwok (Southern Sierra),37.5,-120.0
msy,Magar (Syangja),28.0833333333,83.8333333333
mta,Mentuh Tapuh,1.25,111.0
mtb,Matuumbi,-8.5,39.0
mtg,Montagnais,52.0,-65.0
mth,Mixe (Tlahuitoltepec),17.0833333333,-96.1666666667
mti,Motilón (Chibchan),9.0,-73.0
mtk,Matukar,-4.91666666667,145.75
mtl,Mattole,40.1666666667,-124.166666667
mto,Malto,25.0,87.3333333333
mtp,Mixe (Totontepec),17.25,-96.0
mts,Matis,-4.41666666667,-70.25
mtt,Massachusett,42.5,-71.0
mtu,Motu,-9.33333333333,147.0
mua,Makua,-15.0,38.6666666667
mud,Mundani,5.66666666667,9.91666666667
mug,Mugil,-4.88333333333,145.75
muh,Muher,8.16666666667,38.1666666667
mui,Muinane,-1.0,-72.5
mul,Mulao,25.0,108.0
mum,Mumuye,9.0,11.6666666667
mun,Mundari,23.0,84.6666666667
muo,Muong,20.5,105.083333333
mup,Mupun,9.5,8.83333333333
mur,Mursi,5.58333333333,36.0833333333
mus,Mussau,-1.45,149.616666667
mut,Mutsun,36.8333333333,-121.5
muu,Mundurukú,-7.0,-58.0
muy,Muyuw,-9.08333333333,152.75
mwa,Martu Wangka,-21.5,126.0
mwb,Manobo (Western Bukidnon),7.66666666667,124.75
mwc,Mawchi,21.3333333333,73.6666666667
mwe,Mwera,-9.0,39.0
mwl,Miwok (Lake),38.9166666667,-122.666666667
mwn,Miwok (Northern Sierra),38.3333333333,-120.666666667
mwo,Mwotlap,-13.5833333333,167.583333333
mwp,Miwok (Plains),38.0,-121.0
mxa,Mixtec (Atatlahuca),17.0,-97.75
mxc,Mixtec (Chalcatongo),17.05,-97.5833333333
mxe,Ifira-Mele,-17.75,168.25
mxg,Mixtec (San Miguel el Grande),17.05,-97.5666666667
mxj,Mixtec (Jicaltepec),16.3333333333,-98.0
mxl,Mixtec (Alacatlatzala),17.25,-98.5833333333
mxm,Mixtec (Molinos),17.0,-97.5833333333
mxo,Mixtec (Ocotepec),17.1666666667,-97.75
mxp,Mixtec (Peñoles),17.0833333333,-96.9166666667
mxs,Mixtec (Silacayoapan),17.5,-98.1666666667
mxt,Mixtec (Ayutla),16.9166666667,-99.1666666667
mxu,Mixtec (Chayuco),16.4166666667,-97.8333333333
mxx,Mixe (Ayutla),17.0833333333,-96.0833333333
mxy,Mixtec (Yosondúa),16.9166666667,-97.5833333333
mxz,Mixtec (Coatzospan),18.0833333333,-96.5833333333
mya,Ma'ya,-1.25,130.916666667
myg,Mayogo,3.0,29.0
myi,Mangarrayi,-14.6666666667,133.5
myk,Malay (Kuala Lumpur),3.16666666667,101.7
mym,Malayalam,10.0,76.5
myn,Ma'anyan,-2.0,115.0
myo,Mayo,26.0,-108.0
myr,Matsés,-5.41666666667,-73.25
myy,Mayi-Yapi,-20.0,141.0
mzc,Mazatec (Chiquihuitlán),17.75,-96.9166666667
mzh,Mazatec (Huautla),18.25,-96.8333333333
mzn,Mazanderani,36.5,52.0
naa,Neo-Aramaic (Amadiya),37.0,43.0
nab,Nabak,-6.41666666667,147.0
nad,Nadëb,-1.0,-66.5
naf,Nafaanra,8.0,-2.58333333333
nag,Nagatman,-3.75,141.5
nah,Nahali,19.75,77.8333333333
nai,Nanai,49.5,137.0
naj,Neo-Aramaic (Arbel Jewish),31.75,35.0
nak,Nakanai,-5.58333333333,150.583333333
nal,Nalik,-2.95,151.333333333
nam,Namia,-3.83333333333,141.75
nan,Nandi,0.25,35.0
nap,Neo-Aramaic (Persian Azerbaijan),38.0,47.0
nar,Nara (in Ethiopia),15.0833333333,37.5833333333
nas,Nasioi,-6.33333333333,155.583333333
nat,Natchez,31.75,-91.3333333333
nau,Nauruan,-0.5,166.916666667
nav,Navajo,36.1666666667,-108.0
nax,Naxi,27.5,100.0
nbb,Nambas (Big),-16.0833333333,167.2
nbd,Nubian (Dongolese),18.25,30.75
nbe,Ngombe,3.0,23.0
nbh,Ghulfan,12.0,31.0
nbk,Natügu,-10.7833333333,165.866666667
nbm,Ngbaka (Ma'bo),3.56,18.36
nbo,Nyambo,-1.0,31.3333333333
nbr,Ngäbere,8.66666666667,-82.0
nca,Nicobarese (Car),9.0,93.0
ncm,Ncàm,9.33333333333,0.666666666667
ndb,Ndebele (in South Africa),-25.3333333333,29.0
nde,Nande,-0.0833333333333,29.1666666667
ndg,Ndogo,7.75,27.0
ndi,Ngbandi,3.75,22.0
ndj,Ndjébbana,-12.1666666667,134.116666667
ndo,Ndonga,-18.0,17.0
ndr,Nadroga,-18.0833333333,177.416666667
ndt,Ndut,14.9166666667,-16.9166666667
ndu,Ndumu,-1.66666666667,13.5833333333
ndy,Ndyuka,4.5,-54.5
ned,Nederlandse Gebarentaal,52.25,5.5
neg,Negidal,53.0,139.0
neh,Nehan,-4.5,154.2
nel,Nelemwa,-20.25,164.083333333
nen,Nenets,69.0,72.0
nep,Nepali,28.0,85.0
nev,Nevome,31.0,-112.5
new,Newari (Kathmandu),27.6666666667,85.5
ney,Neyo,5.0,-6.0
nez,Nez Perce,46.0,-116.0
nga,Nganasan,71.0,93.0
ngb,Ngbaka (Minagende),3.5,20.0
ngd,Ngad'a,-8.83333333333,121.0
nge,Ngemba,6.2,10.0
ngg,Ngan'gityemerri,-14.25,130.416666667
ngi,Ngiyambaa,-31.75,145.5
ngj,Ngadjumaja,-32.3333333333,123.833333333
ngk,Ngankikurungkurr,-14.0,130.5
ngl,Ngalakan,-14.25,134.0
ngm,Ngambay,8.66666666667,16.0
ngn,Ngandi,-13.8333333333,135.0
ngo,Ngoni,-11.0,36.0
ngr,Ngarinyeri,-36.0,140.0
ngt,Naga (Tangkhul),25.0,94.5
ngu,Nguna,-16.9166666667,168.5
ngw,Ngawun,-19.0,141.5
ngy,Ngarinyman,-16.5,130.5
ngz,Ngizim,12.0833333333,10.9166666667
nha,Nhanda,-27.0,114.166666667
nhc,Nahuatl (Central),19.0,-98.25
nhh,Nahuatl (Huasteca),22.0,-99.0
nhm,Nahuatl (Michoacán),18.5,-103.0
nhn,Nahuatl (North Puebla),20.0,-98.25
nhp,Nahuatl (Pochutla),15.75,-96.5
nht,Nahuatl (Tetelcingo),19.6666666667,-99.0
nhu,Nahuatl (Huauchinango),20.1666666667,-98.0833333333
nhx,Nahuatl (Xalitla),18.0,-99.5
nia,Nias,1.0,97.75
nic,Nicobarese,7.0,93.8333333333
nif,Niuafo'ou,-15.5666666667,-175.616666667
nih,Nihon Shuwa (Japanese Sign Language),36.0,139.0
nim,Nimboran,-2.5,140.166666667
nin,Ningil,-3.5,142.25
nis,Nyishi,27.5,93.5
nit,Nitinaht,48.6666666667,-124.75
niu,Niuean,-19.05,-170.116666667
niv,Nivkh,53.3333333333,142.0
nju,Nyungar,-33.75,122.0
nkb,Ngalkbun,-13.5,134.833333333
nke,Nkem,6.58333333333,8.58333333333
nkk,Nakkara,-12.1166666667,134.416666667
nkn,Nkonya,7.16666666667,0.25
nko,Nkore-Kiga,-0.916666666667,29.8333333333
nkr,Nukuoro,3.83333333333,154.916666667
nkt,Nyah Kur (Tha Pong),15.6666666667,101.666666667
nku,Nubian (Kunuz),23.0,33.0
nlr,Ngarla,-20.0,119.0
nlu,Ngarluma,-20.8333333333,117.5
nly,Nyamal,-21.0,119.0
nma,Naga (Mao),25.5,94.3333333333
nmb,Nambikuára,-13.0,-59.0
nmd,Nomad,-6.16666666667,142.25
nmi,Nahuatl (Mecayapan Isthmus),18.25,-94.8333333333
nmm,Manange,28.5833333333,84.0
nmp,Nahuatl (Milpa Alta),19.25,-99.1666666667
nnc,Nancowry,8.05,93.5
nnd,Nend,-5.0,144.916666667
nne,Nengone,-21.5,168.0
nng,Nyanga,-1.25,28.1666666667
nnk,Nankina,-5.78333333333,146.45
nnm,Nanumea,-5.66666666667,176.116666667
nnn,Nuni (Northern),12.1666666667,-3.0
nnt,Nanticoke,38.0,-76.25
nob,Nobiin,21.0,31.0
noc,Nocte,27.0,95.5
nog,Noghay,44.0,46.0
nok,Noghay (Karagash),47.5,47.25
nom,Nomatsiguenga,-11.6666666667,-74.5
non,Noni,6.41666666667,10.5833333333
noo,Noon,14.8333333333,-16.8333333333
nor,Norwegian,61.0,8.0
npa,Nahuatl (Pajapan),18.25,-94.75
nph,Nar-Phu,28.6666666667,84.25
npi,Nigerian Pidgin,6.5,3.33333333333
npn,Naga Pidgin,25.6666666667,94.0
npu,Napu,-1.33333333333,120.416666667
nrg,Nanerge,11.75,-5.0
nrm,Narom,4.41666666667,114.0
nro,Nharo,-22.3333333333,20.5
nse,Nsenga,-14.5,30.8333333333
nsg,Nisgha,55.0,-130.0
nsk,Naskapi,56.0,-70.0
nsn,Nisenan,39.0,-121.0
nsy,Neo-Aramaic (Assyrian),36.0,41.0
nsz,Nahuatl (Sierra de Zacapoaxtla),19.5833333333,-97.3333333333
nte,Norsk Tegnspråk,61.0,9.0
nti,Ngiti,1.33333333333,30.25
ntj,Ngaanyatjarra,-26.0,126.5
ntn,Nateni,10.5,1.16666666667
nto,Ntomba,-2.0,18.3333333333
ntu,Nenets (Tundra),70.0,76.0
nua,Nuaulu,-3.25,129.166666667
nub,Nubi,0.666666666667,32.0833333333
nue,Nuer,8.33333333333,32.0
nug,Nunggubuyu,-13.75,135.666666667
nuk,Nukak,2.5,-71.5
nun,Nung (in Vietnam),21.9166666667,106.416666667
nup,Nupe,9.16666666667,5.41666666667
nus,Nusu,26.75,99.0
nuu,Nuuchahnulth,49.6666666667,-126.666666667
nvs,Nivkh (South Sakhalin),47.0,142.5
nwd,Newar (Dolakha),27.3333333333,86.0
nya,Nyawaygi,-19.0,146.166666667
nyg,Nyangi,3.41666666667,33.5833333333
nyh,Nyiha,-10.0,33.0
nyi,Nyimang,12.1666666667,29.3333333333
nyk,Nyamkad,32.0,78.5
nyl,Nyelâyu,-20.3333333333,164.333333333
nym,Nyamwezi,-5.0,33.0
nyn,Nyigina,-18.0,124.333333333
nyr,Nyangumarda,-20.0,121.0
nyu,Nyulnyul,-17.0,122.833333333
nza,Nzakara,5.0,23.0
nze,Naga (Zeme),25.1666666667,93.5
nzs,New Zealand Sign Language,-43.0,172.0
obg,Ogbronuagum,4.75,6.86666666667
obk,Obokuitai,-3.0,138.0
obo,Obolo,4.58333333333,7.83333333333
oca,Ocaina,-2.75,-71.75
occ,Occitan,44.0,2.0
ocu,Ocuilteco,18.9166666667,-99.6666666667
ogb,Ogbia,4.66666666667,6.25
oi,Oi,14.8333333333,107.166666667
oir,Oirat,37.5,93.0
oix,Otomí (Ixtenco),19.0833333333,-97.9166666667
oji,Ojibwa (Eastern),46.0,-80.0
ojm,Ojibwe (Minnesota),47.6666666667,-92.5
ojs,Ojibwa (Severn),53.0,-90.0
oka,Okanagan,49.5,-118.5
oko,Oriya (Kotia),18.3333333333,83.0
oks,Oksapmin,-5.16666666667,142.166666667
oku,Oku,6.25,10.5
olm,Oloh Mangtangai,-0.833333333333,113.0
olo,Olo,-3.41666666667,142.0
olu,Olutec,17.95,-95.0
oma,Omagua,-4.0,-73.5
omh,Omaha,42.0,-97.25
omi,Ömie,-9.05,148.083333333
ond,Oneida,43.0,-75.6666666667
one,One,-3.25,141.916666667
ong,Onge,10.75,92.4166666667
onn,Onondaga,42.75,-76.1666666667
ono,Ono,-6.16666666667,147.583333333
ood,O'odham,32.0,-112.0
ora,Emai,7.08333333333,5.91666666667
orb,Oromo (Boraana),4.5,38.5
orc,Oroch,50.3333333333,137.5
ord,Ordos,39.0,109.0
ore,Orejón,-2.83333333333,-72.5
orh,Oromo (Harar),9.0,42.0
ori,Orig,12.1666666667,30.8333333333
ork,Orok,49.5,143.5
orl,Orokolo,-7.83333333333,145.333333333
orm,Ormuri,32.5,69.75
oro,Orokaiva,-8.83333333333,148.25
orw,Oromo (Waata),-3.33333333333,39.8333333333
ory,Orya,-2.75,139.833333333
osa,Osage,37.0,-94.0
osm,Otomí (Santiago Mexquititlan),20.0833333333,-100.083333333
oss,Ossetic,43.0,44.0
otm,Otomí (Mezquital),20.1666666667,-99.1666666667
oto,Oto,40.5,-96.0
otr,Otoro,11.1666666667,30.5
ots,Otomí (Sierra),20.6666666667,-98.8333333333
owc,Oromo (West-Central),9.0,37.0
owi,Owininga,-4.5,141.75
oya,Oriya,21.0,85.0
paa,Pa'a,11.0,9.25
pac,Pacoh,16.4166666667,107.083333333
pad,Padoe,-2.33333333333,121.333333333
pae,Páez,2.66666666667,-76.0
pag,Pagu,1.25,127.75
pai,Paiwan,22.5,120.833333333
pak,Pakanha,-14.5,142.416666667
pal,Palauan,7.5,134.583333333
pam,Pame,22.0,-99.5
pan,Panjabi,31.0,74.0
pap,Papiamentu,12.25,-69.0
par,Päri,5.0,32.5
pat,Patep,-6.91666666667,146.583333333
pau,Paumarí,-6.0,-64.0
paw,Pawaian,-7.0,145.083333333
pba,Pima Bajo,29.0,-111.0
pcm,Pocomam,14.6666666667,-90.5
pdp,Folopa,-7.0,144.5
pec,Pech,15.0,-85.5
pem,Pemon,5.33333333333,-62.0
pen,Pengo,19.8333333333,83.8333333333
per,Pero,9.58333333333,11.0
pga,Pilagá,-25.0,-60.0
pgl,Pingilapese,6.21666666667,160.7
phl,Phlong,15.0,99.0
pia,Piaroa,5.0,-67.0
pil,Pileni,-10.2166666667,166.216666667
pin,Pintupi,-23.0,129.0
pip,Pipil,13.8333333333,-89.5833333333
pir,Piro,-11.0,-73.5
pis,Pisa,-5.16666666667,139.166666667
pit,Pitjantjatjara,-26.0,130.0
pkm,Pokomchí,15.4166666667,-90.5
pkn,Paakantyi,-32.5,142.5
pkt,Pokot,1.5,35.5
pla,Playero,7.0,-71.0
plb,Polabian,51.0,12.8333333333
plg,Palaung,22.6666666667,96.6666666667
plh,Paulohi,-3.25,128.75
plk,Palikur,3.0,-51.0
plp,Pulopetak,1.41666666667,109.833333333
plr,Palor,14.8333333333,-16.75
pmc,Pomo (Central),39.0,-123.333333333
pme,Pomo (Eastern),39.0,-122.666666667
pmn,Pomo (Northern),39.3333333333,-123.5
pms,Paamese,-16.5,168.25
pna,Pamona,-1.75,120.833333333
png,Pangwa,-10.0,34.75
pnn,Pangasinan,15.9166666667,120.333333333
pno,Paiute (Northern),42.0,-118.0
pnr,Panare,6.5,-66.0
pnu,Punu,24.0,107.0
pnx,Panará,-10.0,-55.0
pny,Panyjima,-22.8333333333,118.416666667
poa,Po-Ai,-20.6666666667,164.833333333
poc,Pocomam Oriental,14.75,-89.75
pod,Podoko,11.0,14.0833333333
pog,Pogoro,-8.75,36.5
poh,Pohnpeian,6.88333333333,158.25
pok,Poko-Rawo,-2.83333333333,141.583333333
pol,Polish,52.0,20.0
pop,Popoloca (Metzontla),18.1666666667,-97.5
por,Portuguese,39.0,-8.0
pot,Potawatomi,44.5,-85.0
pow,Powhatan,37.3333333333,-76.5
ppc,Piapoco,4.0,-69.5
ppi,Pitta Pitta,-22.8333333333,140.0
pra,Prasuni,35.5,71.0
prc,Parecis,-14.0,-57.0
prd,Parji (Dravidian),19.5,82.5
pre,Pare,-4.0,36.5
prh,Pirahã,-7.0,-62.0
pri,Príncipense,1.61666666667,7.36666666667
prk,Purki,34.6666666667,76.0
pro,Provençal,44.0,6.0
prs,Persian,32.0,54.0
prt,Piratapuyo,0.333333333333,-69.5
psh,Pashto,33.0,67.0
psj,Popoloca (San Juan Atzingo),18.1666666667,-96.4166666667
psl,Plains-Indians Sign Language,40.0,-100.0
psm,Passamaquoddy-Maliseet,45.0,-67.0
pso,Pomo (Southeastern),39.0,-122.5
psv,Popoloca (San Vicente Coyotepec),18.25,-97.8333333333
psw,Port Sandwich,-16.5,167.75
pta,Paita,-22.0833333333,166.5
pte,Paite,24.0,93.1666666667
ptp,Patpatar,-3.76666666667,152.5
ptt,Pattani,32.75,76.75
ptw,Patwin,39.0,-122.333333333
pui,Puinave,4.0,-68.0
puk,Parauk,23.25,99.5
pul,Puluwat,7.33333333333,149.333333333
pum,Pumi,28.0,101.0
pun,Pungupungu,-13.5,130.416666667
puq,Puquina,-16.5,-68.5
pur,Purépecha,19.5,-101.666666667
put,Paiute (Southern),37.8333333333,-113.333333333
pwn,Pawnee,41.0,-98.6666666667
qaf,Qafar,12.0,42.0
qan,Quechua (Ancash),-8.5,-77.5
qaw,Qawasqar,-49.0,-75.0
qay,Quechua (Ayacucho),-14.0,-74.0
qbo,Quechua (Bolivian),-20.0,-66.0
qca,Quechua (Cajamarca),-7.0,-78.5
qch,Quiché,15.0,-91.4166666667
qco,Quechua (Cochabamba),-17.5,-66.0
qcu,Quechua (Cuzco),-14.5,-71.0
qec,Quechua (Ecuadorean),-1.0,-79.0
qhu,Quechua (Huallaga),-9.5,-75.5
qia,Qiang,32.0,102.666666667
qim,Quechua (Imbabura),0.333333333333,-78.0
qta,Quechua (Tarma),-11.4166666667,-75.75
que,Quechan,32.8333333333,-114.333333333
qui,Quileute,47.9166666667,-124.25
qum,Sipakapense,15.25,-91.75
rad,Rade,13.0,108.5
rag,Raga,-15.5,168.166666667
ral,Ralte,23.75,92.75
ram,Rama,11.75,-83.75
rao,Rao,-4.75,144.5
rap,Rapanui,-27.1166666667,-109.366666667
ras,Rashad,11.8333333333,31.05
rav,Romani (Ajia Varvara),38.0,23.5833333333
raw,Rawang,27.5,97.5
rbg,Romani (Burgenland),47.5,16.5
rbu,Romani (Bugurdzi),42.6666666667,21.1666666667
rcp,Russian-Chinese Pidgin (Birobidjan),48.8,132.95
rej,Rejang,-3.41666666667,102.5
rem,Remo,18.0,82.0
ren,Rendille,2.0,37.5
res,Resígaro,-2.41666666667,-71.5
ret,Retuarã,-0.5,-70.6666666667
rga,Ronga,-26.0,32.5
rgc,rGyalrong (Caodeng),31.6666666667,101.75
rgn,Roglai (Northern),12.1666666667,108.833333333
ria,Riantana,-7.5,138.5
rik,Rikbaktsa,-11.8333333333,-57.5
rim,Rimi,-5.0,34.6666666667
rit,Ritharngu,-12.8333333333,135.5
rji,Raji,28.0,82.75
rka,Romani (Kalderash),45.0,21.0
rlo,Romani (Lovari),47.0,21.5
rmb,Rembarnga,-12.8333333333,134.583333333
rmc,Romansch,46.6666666667,9.16666666667
rnd,Rundi,-3.5,30.0
rng,Rengao,14.5833333333,107.833333333
rnn,Rennellese,-11.6166666667,160.25
rnr,Romani (North Russian),60.0,38.0
rny,Runyankore,-0.5,30.5
rom,Romanian,46.0,25.0
ron,Ron,9.0,8.75
ror,Roro,-8.75,146.583333333
rot,Rotuman,-12.5,177.066666667
rov,Roviana,-8.25,157.333333333
rpa,Rang Pas,30.3333333333,79.3333333333
rru,Runyoro-Rutooro,1.5,31.3333333333
rsc,Romansch (Scharans),46.75,9.5
rse,Romani (Sepecides),38.25,27.0
rsh,Rushan,38.1666666667,71.5
rsl,Russian Sign Language,56.0,44.0
rsm,Romansch (Surmeiran),46.5833333333,9.75
rsu,Romansch (Sursilvan),46.6666666667,8.83333333333
rti,Roti,-10.6666666667,123.25
rtk,Rotokas,-6.0,155.166666667
ruk,Rukai (Tanan),22.8333333333,120.833333333
rum,Rumu,-7.16666666667,144.25
run,Runga,10.3333333333,21.0
rus,Russian,56.0,38.0
rut,Rutul,41.5,47.4166666667
rwa,Rawa,-5.83333333333,146.0
rwe,Romani (Welsh),52.0,-4.0
ryu,Shuri,26.5,127.5
saa,Sa'a,-9.61666666667,161.45
sab,Sa'ban,3.66666666667,115.666666667
sae,Saek,17.4166666667,104.75
sah,Sahu,1.16666666667,127.5
sak,Sakao,-15.1666666667,167.083333333
sal,Salinan,36.0,-121.0
sam,Samoan,-13.9166666667,-171.833333333
san,Sango,5.0,18.0
sao,Saho,14.75,39.75
sap,Sapuan,15.1666666667,106.833333333
sar,Sare,-4.5,143.166666667
sav,Savi,35.0,71.5
saw,Sawu,-11.5,121.916666667
say,Sayultec,17.8333333333,-95.0
sba,Sáliba (in Colombia),6.0,-70.0
sbg,Sama (Balangingi),6.16666666667,121.833333333
sch,Saanich,48.5833333333,-123.416666667
scr,Serbian-Croatian,44.0,19.0
scs,Saami (Central-South),64.6666666667,16.75
sdh,Sindhi,26.0,69.0
sdw,Sandawe,-5.0,35.0
sea,Southeast Ambrym,-16.3,168.216666667
seb,Sebei,1.33333333333,34.5833333333
sec,Secoya,-0.333333333333,-76.0
sed,Sedang,14.8333333333,108.0
see,Seediq,24.1666666667,121.416666667
sel,Selknam,-53.0,-70.0
sem,Sema,26.0,94.5
sen,Sena,-18.0,35.25
ser,Seri,29.0,-112.0
ses,Sesotho,-28.0,27.0
sey,Seychelles Creole,-4.75,55.5
sgb,Sougb,-1.5,134.0
sge,Songe,-6.83333333333,22.0
sgl,Sengele,-1.83333333333,17.3333333333
sgr,Sangir,3.5,125.5
sgs,Songish,48.45,-123.333333333
sgu,Sangu,-1.5,11.8333333333
sha,Shan,22.0,98.0
shb,Shabo,7.58333333333,35.4166666667
shd,Sherdukpen,27.0,92.5
she,Sherpa,27.75,86.8333333333
shg,Shigatse,29.0,89.0
shh,Sharanahua,-11.0,-70.0
shi,Shiriana,3.5,-62.8333333333
shk,Shipibo-Konibo,-7.5,-75.0
shl,Shilluk,9.66666666667,31.75
shm,Shambala,-4.25,38.25
shn,Shona,-18.0,31.0
sho,Shoshone,41.0,-114.0
shp,Sahaptin (Northern),46.5,-120.0
shr,Shor,53.0,88.0
shs,Shasta,41.8333333333,-122.666666667
sht,Shatt,10.8333333333,30.0
shu,Shuswap,52.0,-120.0
shw,Shawnee,40.0,-83.0
shy,Shira Yughur,38.0,99.0
sia,Siane,-6.08333333333,145.2
sid,Sidaama,6.66666666667,38.5
sik,Sika,-8.7,122.25
sil,Sila,12.3333333333,21.75
sim,Simeulue,2.5,96.25
sin,Siona,0.333333333333,-76.25
sio,Sio,-5.95,147.333333333
sir,Siar,-4.66666666667,152.916666667
sis,Sisiqa,-7.0,156.833333333
siu,Siuslaw,44.0,-124.0
ski,Saami (Kildin),67.0,37.0
skk,Sikkimese,27.8333333333,88.5
skl,Sikule,2.66666666667,96.0
skm,Sukuma,-2.83333333333,32.0
skn,Sikuani,6.25,-71.5
sko,Skou,-2.66666666667,140.916666667
skp,Selkup,65.0,82.0
skr,Sikaritai,-2.91666666667,138.25
sku,Suku,-6.0,17.6666666667
skw,Shekhawati,28.0,75.5
sla,Slave,67.0,-125.0
slb,Saliba (in Papua New Guinea),-10.5833333333,150.716666667
sle,Samba Leko,8.5,12.5
slg,Sulung,28.3333333333,93.25
slo,Slovene,46.0,15.0
slp,Selepet,-6.16666666667,147.166666667
slr,Salar,35.0,103.0
slv,Slavey,60.0,-120.0
sly,Selayar,-6.0,120.5
smd,Semandang,-0.75,110.5
sme,Seme,11.0,-4.91666666667
smj,Semai,4.33333333333,101.666666667
sml,Semelai,3.0,103.0
smn,Seminole,33.0,-84.0
smp,Shompen,7.0,93.75
smt,Sahaptin (Umatilla),45.6666666667,-118.5
sna,Shina,36.0,74.0
snc,Seneca,42.5,-77.5
snd,Senadi,9.5,-6.25
sng,Sinaugoro,-9.83333333333,147.833333333
snh,Sinhala,7.0,80.5
snm,Sanuma,4.5,-64.6666666667
snn,Soninke,15.0,-10.5
sno,Saami (Northern),69.0,24.0
snt,Sentani,-2.58333333333,140.583333333
so,So,2.58333333333,34.75
sob,Sobei,-1.91666666667,138.75
sod,Soddo,8.5,38.5
sol,Solon,48.0,120.0
som,Somali,3.0,45.0
son,Sonsorol-Tobi,5.33333333333,132.25
soo,Sooke,48.3333333333,-123.75
soq,Soqotri,12.5,54.0
sor,Sora,20.0,84.3333333333
sou,Sorbian (Upper),51.8333333333,14.5
spa,Spanish,40.0,-4.0
spc,Spanish (Canary Islands),28.0,-15.5833333333
spi,Spitian,32.25,78.0
spo,Spokane,47.6666666667,-117.75
sps,Salish (Southern Puget Sound),47.25,-122.5
squ,Squamish,49.6666666667,-123.166666667
sra,Sranan,5.83333333333,-55.3333333333
srb,Sorbian,51.5,14.0
src,Sarcee,52.5,-116.0
srd,Sardinian,40.0,9.0
sre,Sre,11.5,108.0
sri,Siriano,0.75,-70.1666666667
srl,Sorbian (Lower),51.75,14.3333333333
srm,Saramaccan,4.5,-55.5
srn,Sirionó,-15.5833333333,-64.0
sro,Siroi,-5.5,146.0
srr,Serrano,34.5,-117.0
sru,Selaru,-8.2,131.0
sry,Siraya,23.0,120.25
ssa,Sisaala,10.8333333333,-2.66666666667
ssh,Shinassha,10.4166666667,36.1666666667
ssl,South Korean Sign Language,37.0,128.0
sss,Salish (Samish Straits),48.5833333333,-122.583333333
sst,Salish (Straits),48.75,-123.25
sta,Santa,31.5,107.5
sti,Stieng,11.8333333333,106.75
stl,Santali,24.5,87.0
stn,Sotho (Northern),-24.0,29.0
sto,Stoney,53.75,-116.5
sub,Subiya,-17.75,24.9166666667
sud,Sudest,-11.5,153.45
sue,Suena,-7.75,147.55
sug,Sungor,13.75,21.5
sui,Sui,26.0,107.5
suk,Suki,-8.0,141.75
sul,Sulka,-5.08333333333,151.916666667
sum,Sumu,13.0,-84.5
sun,Sundanese,-7.0,107.0
sup,Supyire,11.5,-5.58333333333
sur,Sursurunga,-4.0,152.766666667
sus,Susu,10.0,-13.0
sva,Svan,43.0,42.5
svc,Slovincian,54.0,16.0
svk,Slovak,49.0,20.0
svs,Savosavo,-9.13333333333,159.8
svt,Svenska Teckenspråket,59.0,15.0
swa,Swahili,-6.5,39.0
swe,Swedish,60.0,15.0
swi,Sawai,0.5,128.0
swr,Shoshone (Wind River),43.4166666667,-108.833333333
swt,Swati,-26.5,31.0
swv,Swedish (Västerbotten),64.25,19.75
syg,Saryg Yughur,38.75,99.75
syu,Salt-Yui,-6.28333333333,145.033333333
tab,Taba,0.0,127.5
tac,Tacana,-13.5,-68.0
taf,Taiof,-5.53333333333,154.633333333
tag,Tagalog,15.0,121.0
tah,Tahitian,-17.6666666667,-149.583333333
tai,Tuareg (Air),19.0,9.0
taj,Tajik,38.6666666667,70.0
tak,Takia,-4.66666666667,146.0
tal,Talinga,0.416666666667,29.6666666667
tam,Tamang (Eastern),27.5,85.6666666667
tan,Tangale,9.75,11.3333333333
tao,Tarao,24.25,94.1666666667
tap,Taiap,-4.08333333333,144.5
taq,Taiwanese,25.0,121.5
tar,Tariana,1.0,-69.1666666667
tas,Tashlhiyt,31.0,-5.0
tat,Tatana',5.5,115.5
tau,Tauya,-5.75,145.333333333
taw,Tawala,-10.3333333333,150.666666667
tay,Tayo,-22.0,166.333333333
taz,Talysh (Azerbaijan),38.75,48.6666666667
tba,Tabare,-6.08333333333,145.0
tbb,Tübatulabal,36.0,-118.333333333
tbe,Tigré (Beni Amer),15.5,38.0
tbl,Tabla,-2.45,140.416666667
tbo,Tboli,6.16666666667,124.5
tbr,Tabaru,1.5,127.25
tbs,Tabassaran,41.8333333333,47.9166666667
tbt,Tobati,-2.58333333333,140.666666667
tbu,Tubu,16.0,15.0
tbw,Tabwa,-8.0,29.5
tbx,Tangbe,28.9166666667,83.75
tce,Tarahumara (Central),27.5,-107.5
tda,Toda,11.4166666667,76.75
tdi,Tibetan (Dingri),28.5,86.5
tdr,Tibetan (Drokpa),32.25,81.25
tec,Teco,15.4166666667,-92.0833333333
tee,Tepehua (Huehuetla),20.5,-98.0
teh,Tehuelche,-48.0,-68.0
tel,Telugu,16.0,79.0
tem,Tem,8.66666666667,0.5
ten,Tennet,4.41666666667,32.5
teo,Teop,-5.66666666667,155.0
tep,Tepehua (Tlachichilco),20.5833333333,-98.25
ter,Tera,11.0,11.8333333333
tes,Teso,1.83333333333,33.8333333333
tet,Tetela,-4.0,24.0
tew,Tewa (Arizona),35.8333333333,-110.416666667
tex,Turkic (East-Central Xorasan),37.0,59.0
tga,Tangga,-3.46666666667,153.2
tgb,Tagbanwa (Aborlan),9.5,118.5
tgh,Tuareg (Ghat),25.0,10.1666666667
tgk,Tigak,-2.71666666667,150.8
tgl,Tshangla,27.8333333333,92.1666666667
tgn,Tugun,-7.71666666667,126.75
tgo,Tsogo,-1.5,11.3333333333
tgp,Tanglapui,-8.28333333333,125.083333333
tgr,Tigré,16.5,38.5
tgw,Tarangan (West),-6.5,134.166666667
tha,Thai,16.0,101.0
thd,Thadou,24.4166666667,93.9166666667
thk,Thakali,29.0,83.75
thn,Thangmi,27.75,86.0
tho,Thompson,49.75,-121.75
thp,Thaypan,-14.8333333333,143.166666667
ths,Thai Sign Language,15.0,101.0
tht,Tehit,-1.5,132.0
thu,Thulung,27.4166666667,86.5
thw,Thao,23.8833333333,120.916666667
thy,Kuuk Thaayorre,-14.5833333333,141.833333333
tia,Tima,11.6666666667,29.25
tib,Tibetan (Standard Spoken),30.0,91.0
tic,Ticuna,-4.0,-70.5
tid,Tidore,0.75,127.5
tif,Tifal,-5.0,141.333333333
tig,Tigrinya,14.5,38.5
tik,Tikar,5.83333333333,11.6666666667
til,Tillamook,45.3333333333,-123.75
tim,Timugon,5.0,116.0
tin,Tinrin,-21.6666666667,165.75
tir,Tiriyo,3.25,-55.75
tis,Tibetan (Shigatse),29.0,89.0
tiv,Tiv,7.5,9.0
tiw,Tiwi,-11.5,131.0
tja,Tiipay (Jamul),32.1666666667,-116.5
tke,Tokelauan,-9.0,-172.0
tki,Tuki,4.58333333333,11.5
tkl,Takelma,42.5,-123.0
tkm,Turkmen,40.0,58.0
tks,Teke (Southern),-2.33333333333,14.5
tla,Tolai,-4.25,152.083333333
tlb,Tatar-Noghay (Alabugat),47.4166666667,45.6666666667
tld,Talaud,4.25,126.75
tlf,Telefol,-5.0,141.75
tli,Tlingit,59.0,-135.0
tll,Taulil,-4.41666666667,152.083333333
tlo,Tobelo,1.5,128.5
tlp,Tlapanec,17.0833333333,-99.0
tls,Talysh (Southern),37.0,49.0
tma,Tama,14.5,22.0
tmc,Timucua,30.25,-82.5
tmg,Tamagario,-6.41666666667,139.25
tmi,Tatar (Mishar),55.5,49.0
tmk,Tumak,9.5,17.3333333333
tml,Tamil,11.0,78.5
tmm,Tamabo,-15.6666666667,167.166666667
tmn,Temein,11.9166666667,29.4166666667
tmo,Tibetan (Modern Literary),29.8333333333,91.5
tmp,Tampulma,10.4166666667,-0.583333333333
tmr,Temiar,5.0,101.5
tms,Tommo So,15.0,-3.0
tmu,Tat (Muslim),41.25,48.75
tna,Turkana,3.0,35.5
tnb,Tunebo,6.75,-72.25
tnc,Tanacross,63.5,-143.5
tnd,Tindi,42.3666666667,46.25
tne,Temne,8.66666666667,-13.0833333333
tng,Tongan,-21.1666666667,-175.166666667
tni,Tinani,32.3333333333,77.1666666667
tnj,Tanaina,62.0,-150.0
tnk,Tungak,-2.55,150.25
tnl,Tanana (Lower),65.0,-150.0
tnn,Tunen,4.75,10.6666666667
tno,Tondano,1.25,125.0
tns,Tanna (Southwest),-19.5666666667,169.333333333
tnt,Tontemboan,1.08333333333,124.5
tny,Tenyer,10.6666666667,-4.5
toa,Toaripi,-8.33333333333,146.25
tob,Toba,-26.5,-59.0
tod,Tod,32.4166666667,77.25
tof,Tofa,53.75,98.0
toj,Tojolabal,16.3333333333,-91.5
tok,Tarok,9.0,10.0833333333
tol,Tol,14.6666666667,-87.0
ton,Tonkawa,30.25,-96.75
toq,Toqabaqita,-8.41666666667,160.583333333
tor,Toratán,1.08333333333,124.833333333
tos,Totonac (Sierra),19.9166666667,-97.4166666667
tot,Totonac (Misantla),19.9166666667,-96.9166666667
tou,Toussian,11.0,-4.66666666667
tow,Toussian (Win),10.8333333333,-4.66666666667
toy,Tasmanian (Oyster Bay to Pitwater),-42.5,147.75
toz,Tonga (in Zambia),-17.0,27.0
tpa,Totonac (Papantla),20.3333333333,-97.3333333333
tpc,Tepecano,21.75,-104.75
tpi,Tok Pisin,-9.5,147.166666667
tpn,Tepehuan (Northern),26.3333333333,-107.0
tpr,Tupuri,10.1666666667,14.75
tps,Tepehuan (Southeastern),23.0,-104.5
tpt,Tapieté,-19.75,-61.6666666667
trb,Teribe,9.33333333333,-82.6666666667
trc,Trique (Chicahuaxtla),17.1666666667,-97.8333333333
trd,Toraja,-3.0,119.75
trg,Tewa (Rio Grande),36.25,-106.166666667
tri,Trique (Copala),17.1666666667,-97.9166666667
trm,Tirmaga,5.75,35.25
trn,Terêna,-20.0,-56.0
trr,Tairora,-6.5,146.0
trt,Ternate,0.833333333333,127.25
tru,Trumai,-11.9166666667,-53.5833333333
trw,Torwali,34.25,72.0
try,Tiruray,6.75,124.166666667
tsa,Tsakhur,41.6666666667,47.1666666667
tse,Timorese,-9.66666666667,124.5
tsf,Tsafiki,-1.0,-79.3333333333
tsg,Tausug,6.0,121.0
tsh,Tümpisa Shoshone,37.0,-117.0
tsi,Tsimshian (Coast),52.5,-129.0
tsj,Tewa (San Juan Pueblo),36.0833333333,-106.083333333
tsk,Tamashek,20.0,-2.0
tsl,Tanzania Sign Language,-6.0,35.0
tsm,Tasmanian,-42.1666666667,146.5
tsn,Tsonga,-24.0,32.0
tso,Tsou,23.5,120.75
tsp,Tamil (Spoken),11.0,78.0
tsr,Taushiro,-3.25,-75.5
tst,Tsat,18.25,109.5
tsw,Tswana,-24.0,26.0
tsz,Tsez,42.25,45.75
ttb,Tatar (Baraba),55.3333333333,78.3333333333
ttd,Tetun Dili,-8.58333333333,125.583333333
tte,Tutelo,37.6666666667,-78.75
ttn,Tetun,-9.0,126.0
tts,Tati (Southern),36.0,49.6666666667
ttu,Tsova-Tush,42.5,45.5
tty,Tatuyo,0.416666666667,-70.5
tua,Tuamotuan,-17.0,-144.0
tub,Tubar,27.0,-108.0
tuc,Tucano,0.5,-69.1666666667
tug,Tuareg (Ahaggar),23.0,6.0
tui,Türk Isaret Dili,39.0,34.0
tuk,Tukang Besi,-5.5,123.5
tul,Tulu,12.75,75.3333333333
tum,Tumleo,-3.08333333333,142.416666667
tun,Tunica,32.6666666667,-91.0
tup,Tupi,-6.0,-36.0
tur,Turkish,39.0,35.0
tus,Tuscarora,36.0,-77.5
tut,Tutchone (Northern),63.0,-137.0
tuv,Tuvan,52.0,95.0
tuy,Tuyuca,0.5,-70.0833333333
tvl,Tuvaluan,-8.5,179.166666667
tvo,Tatar,56.0,49.5
tvt,Tutsa,27.5,96.5
twa,Twana,47.6666666667,-122.75
twe,Tarahumara (Western),27.5,-108.0
twn,Tiwa (Northern),36.5,-105.5
tws,Tiwa (Southern),35.0,-106.333333333
twx,Turkic (West Xorasan),36.6666666667,56.0
txj,Totonac (Xicotepec de Juárez),20.4166666667,-97.8333333333
tye,Tyeraity,-13.0,130.333333333
tza,Tzeltal (Aguacatenango),16.4166666667,-92.5
tzb,Tzeltal (Bachajón),16.9166666667,-92.0
tze,Tzeltal,16.8333333333,-92.25
tzi,Taiwanese Sign Language (Ziran Shouyu),24.0,121.0
tzo,Tzotzil,16.5,-92.6666666667
tzs,Tzotzil (San Andrés),17.0,-92.8333333333
tzt,Tzeltal (Tenejapa),16.6666666667,-92.3333333333
tzu,Tzutujil,14.6666666667,-91.3333333333
tzz,Tzotzil (Zinacantán),16.8333333333,-92.8333333333
uby,Ubykh,43.6666666667,39.6666666667
udh,Udihe,47.6666666667,136.25
udi,Udi,41.0,48.0
udm,Udmurt,57.5,52.5
ugs,Ugandan Sign Language,1.0,32.5
uhi,Uradhi,-11.9166666667,142.416666667
ukr,Ukrainian,49.0,33.0
uku,Upper Kuskokwim,63.0,-157.0
ulc,Ulcha,52.25,140.333333333
uld,Uldeme,10.95,14.1166666667
uli,Ulithian,9.91666666667,139.583333333
uma,Uma,-1.83333333333,120.0
umb,UMbundu,-12.5,15.0
ump,Umpila,-13.5,143.5
umu,Umaua,1.0,-72.0
una,Una,-4.66666666667,140.0
ung,Ungarinjin,-16.3333333333,126.0
unm,Unami,40.0,-75.1666666667
ura,Ura,-18.6666666667,169.083333333
urd,Urdu,25.0,67.0
urh,Urhobo,5.58333333333,6.0
uri,Urim,-3.58333333333,142.666666667
urk,Urubú-Kaapor,-2.33333333333,-46.5
url,Urak Lawoi',8.0,98.3333333333
urm,Urum,47.1166666667,37.55
urn,Urarina,-4.5,-75.5
urt,Urat,-3.66666666667,142.833333333
uru,Uru,-16.75,-69.0
usa,Usan,-4.83333333333,145.166666667
usl,Urubú Sign Language,-2.33333333333,-46.0
usr,Usarufa,-6.41666666667,145.583333333
ute,Ute,39.0,-109.0
uyg,Uyghur,40.0,80.0
uzb,Uzbek,39.0,66.0
uzn,Uzbek (Northern),40.6666666667,66.5
vaf,Vafsi,34.6666666667,49.9166666667
vag,Vagla,9.41666666667,-2.41666666667
vai,Vai,6.91666666667,-11.25
vas,Vasavi,24.5,71.5
vat,Vata,5.83333333333,-5.41666666667
ved,Vedda,7.0,81.0
ven,Venda,-22.0,30.0
vep,Veps,60.0,35.0
vie,Vietnamese,10.5,106.5
vif,Vili,-5.5,14.0
vka,Kariera,-20.5,118.5
vla,Vlaamse Gebarentaal,51.0,4.0
vnm,Vinmavis,-16.1666666667,167.416666667
vot,Votic,59.5,30.0
wag,Wagiman,-14.0,131.25
wah,Wahgi,-5.83333333333,144.716666667
wai,Wai Wai,1.0,-59.0
wak,Wakhi,36.5,72.0
wal,Walman,-3.21666666667,142.5
wam,Wambaya,-18.6666666667,135.75
wan,Wangkumara,-27.3333333333,143.0
wao,Waorani,-1.0,-76.5
wap,Wappo,38.5,-122.5
war,Wari',-11.3333333333,-65.0
was,Washo,39.25,-120.0
wat,Watjarri,-26.0,117.5
wau,Waunana,4.0,-77.0
way,Wayampi,1.0,-52.0
wbn,Wambon,-5.5,140.416666667
wbt,Wanman,-22.0,123.0
wch,Wichí,-22.5,-62.5833333333
wdo,Western Desert (Ooldea),-30.5,132.0
wec,Welsh (Colloquial),52.75,-3.5833
wed,Wedau,-10.1666666667,150.166666667
wel,Welsh,52.0,-3.0
wem,Wembawemba,-35.3333333333,144.0
wer,Weri,-7.75,146.916666667
wet,Wetan,-8.16666666667,128.0
wgg,Wangkangurru,-27.0,137.0
wgl,Waigali,35.0,71.25
wgu,Warrungu,-18.0,145.0
wic,Wichita,33.3333333333,-97.3333333333
wik,Wikchamni,36.4166666667,-119.083333333
win,Wintu,41.0,-122.5
wir,Wirangu,-32.0,134.0
wiy,Wiyot,40.8333333333,-124.166666667
wkw,Wagawaga,-26.5,152.5
wlf,Wolof,15.25,-16.0
wll,Wallisian,-13.3,-176.2
wlm,Walmatjari,-19.5,125.75
wlo,Wolio,-5.5,122.75
wlw,Warluwara,-22.0,138.5
wly,Wolaytta,6.83333333333,37.75
wma,West Makian,0.5,127.583333333
wme,Wambule,29.25,85.9166666667
wmn,Wéménugbé,6.66666666667,2.5
wmu,Wik Munkan,-13.9166666667,141.75
wn,Wik Ngathana,-13.9166666667,141.5
wna,Wan,7.83333333333,-5.86666666667
wnb,Winnebago,43.5,-88.5
wnt,Wantoat,-6.16666666667,146.5
wob,Wobe,7.41666666667,-7.33333333333
wog,Wogamusin,-4.25,142.333333333
woi,Woisika,-8.25,124.833333333
wol,Woleaian,7.33333333333,143.833333333
wom,Womo,-2.91666666667,141.833333333
wor,Worora,-15.6666666667,124.666666667
wps,Wapishana,2.66666666667,-60.0
wra,Warao,9.33333333333,-61.6666666667
wrb,Warrnambool,-38.25,142.5
wrd,Wardaman,-15.5,131.0
wrg,Warrgamay,-18.5833333333,146.083333333
wrk,Warekena,1.5,-67.5
wrl,Warlpiri,-20.0,132.333333333
wrm,Warembori,-1.66666666667,137.583333333
wrn,Warndarang,-14.4166666667,135.583333333
wrp,Waropen,-2.33333333333,136.583333333
wrs,Waris,-3.16666666667,141.0
wru,Warumungu,-19.5,134.5
wrw,Warrwa,-17.5,123.5
wry,Waray (in Australia),-13.1666666667,131.25
wsk,Waskia,-4.5,146.0
wth,Wathawurrung,-38.0,144.0
wtm,Watam,-3.91666666667,144.5
wuc,Wu (Changzhou),31.6666666667,119.916666667
wur,Waurá,-13.0,-53.0
wwa,Waama,10.5833333333,1.66666666667
wwr,Woiwurrung,-37.5,145.5
wwy,Waray-Waray,12.0,125.0
wya,Wyandot,44.3333333333,-77.5
wyn,Wayana,3.25,-54.1666666667
xam,/Xam,-31.0,21.0
xar,Xârâcùù,-21.6666666667,166.0
xas,Xasonga,14.25,-10.5
xav,Xavánte,-15.0,-52.5
xbi,Kombio,-3.5,142.75
xer,Xerénte,-10.0,-48.1666666667
xho,Xhosa,-32.0,27.0
xia,Xiamen,24.5,118.166666667
xns,Kanashi,32.0833333333,77.25
xok,Xokleng,-24.5,-50.0
xoo,!Xóõ,-24.0,21.5
xsm,Kàsim,11.0,-1.33333333333
xun,!Xun (Ekoka),-19.6666666667,18.0
yag,Yagua,-3.5,-72.0
yah,Yahgan,-55.0,-68.0
yak,Yaka,-7.0,17.5
yal,Yale (Kosarek),-4.08333333333,139.5
yam,Yaminahua,-8.0,-73.0
yan,Yana,40.5,-122.0
yao,Yao (in Malawi),-14.5,35.5
yap,Yapese,9.58333333333,138.166666667
yaq,Yaqui,27.5,-110.25
yar,Yareba,-9.5,148.5
yav,Yavapai,34.0,-113.333333333
yaw,Yawa,-1.75,136.25
yay,Yay,22.4166666667,104.75
yaz,Yazgulyam,38.5,71.5
yba,Yamba,6.41666666667,11.0833333333
ybi,Yamphu,27.5833333333,87.3333333333
ych,Yup'ik (Chevak),61.5,-165.75
ycn,Yucuna,-0.75,-71.0
yct,Yucatec,20.0,-89.0
ydb,Yiddish (Bessarabian),47.0,28.5
ydd,Yiddish,52.0,23.0
ydl,Yiddish (Lodz),51.75,19.4166666667
yei,Yei,-7.91666666667,140.916666667
yel,Yelî Dnye,-11.3666666667,154.166666667
yem,Yemba,5.41666666667,10.0833333333
yes,Yessan-Mayo,-4.16666666667,142.583333333
yey,Yeyi,-20.0,23.5
ygd,Yag Dii,8.0,14.0
ygn,Yaghnobi,39.0,69.0
ygr,Yagaria,-6.33333333333,145.416666667
yi,Yi,24.0,104.0
yid,Yidiny,-17.0,145.75
yil,Yil,-3.53333333333,142.15
yim,Yimas,-4.66666666667,143.55
yin,Yindjibarndi,-21.75,117.916666667
yir,Yir Yiront,-14.8333333333,141.833333333
yki,Yuki,39.6666666667,-123.5
ykm,Yakoma,4.41666666667,18.4166666667
ykn,Yakan,6.5,122.0
yko,Yukaghir (Kolyma),65.75,150.833333333
ykp,Yukpa,10.1666666667,-72.75
ykt,Yakut,62.0,130.0
ylb,Yulparija,-21.0,124.0
yli,Yali,-4.0,139.333333333
ylm,Yelmek,-7.66666666667,139.166666667
ylr,Yalarnnga,-22.0,140.0
ylt,Yiddish (Lithuanian),55.0,25.0
ymd,Yamdena,-7.5,131.5
ymi,Yami,22.0,121.5
yms,Yemsa,7.83333333333,37.3333333333
yna,Yupik (Naukan),66.0,-172.0
yng,Yingkarta,-25.1666666667,114.833333333
ynk,Yankuntjatjara,-27.0,132.0
ynm,Yanomámi,2.33333333333,-63.0
yns,Yansi,-3.83333333333,18.0
yny,Yanyuwa,-16.4166666667,137.166666667
yok,Yokuts (Yaudanchi),36.0833333333,-119.083333333
yor,Yoruba,8.0,4.33333333333
ypk,Yup'ik (Central),59.5,-160.0
yqy,Yaqay,-6.58333333333,139.25
yrc,Yuracare,-16.5833333333,-65.25
yrm,Yurimangí,3.83333333333,-77.0
yrr,Yaruro,7.0,-68.0
yrt,Yuruti,1.0,-70.4166666667
ysi,Yupik (Sirenik),64.5,-174.0
ysl,Yupik (St. Lawrence Island),63.5,-170.5
yta,Yurt Tatar,46.3333333333,48.5
ytu,Yukaghir (Tundra),69.0,155.0
yuc,Yuchi,35.75,-86.75
yug,Yugh,61.0,90.0
yuk,Yukulta,-17.3333333333,138.833333333
yul,Yulu,8.5,25.25
yun,Yup'ik (Norton Sound),64.0,-161.0
yur,Yurok,41.3333333333,-124.0
yus,Yupik (Siberian),65.0,-173.0
yuw,Yuwaalaraay,-29.5,148.0
ywl,Yawelmani,35.4166666667,-119.0
ywr,Yawuru,-18.0,122.5
yyg,Yaygir,-29.6666666667,153.0
yyo,Yorta Yorta,-36.0,146.0
yzv,Yazva,65.0,55.0
zag,Beria,16.0,23.0
zai,Zapotec (Isthmus),16.416667,-95.0
zaj,Zapotec (Juárez),17.5,-96.5833333333
zam,Zapotec (Mixtepec),16.3333333333,-96.3333333333
zan,Zande,4.0,26.0
zap,Zapotec (Mitla),16.8,-96.25
zaq,Zapotec (Quiegolani),16.1666666667,-96.0833333333
zar,Zarma,13.8333333333,2.16666666667
zay,Zayse,5.91666666667,37.3333333333
zaz,Zazaki,39.0,41.0
zch,Zoque (Chimalapa),16.75,-94.75
zen,Zenaga,17.3333333333,-16.0
zfl,Zoque (Francisco León),17.3333333333,-93.25
zha,Zhang-Zhung,31.5833333333,78.4166666667
zhn,Zhuang (Northern),24.0,108.0
zim,Zimakani,-7.43333333333,141.433333333
zno,Zulu (Northern),-28.0,31.0
zpi,Zapotec (Ixtlan),17.25,-96.5
zpr,Zaparo,-2.0,-76.3333333333
zqc,Zoque (Copainalá),17.0,-93.25
zqo,Zoque (Ostuacan),17.4166666667,-93.3
zqr,Zoque (Rayon),17.0833333333,-93.0
zqs,Zoque (Soteapan),18.3333333333,-95.1666666667
zso,Zulu (Southern),-31.0,30.0
zsq,Zapotec (San Lucas Quiaviní),16.9,-96.4666666667
zte,Zapotec (Texmelucan),16.5,-97.1666666667
zul,Zulu,-30.0,30.0
zun,Zuni,35.0833333333,-108.833333333
zya,Zapotec (Yatzachi),17.2,-96.2
zzo,Zapotec (Zoogocho),17.25,-96.25
